[
  {
    "organization_name": "Birmingham Islamic Society-Weekend Islamic school",
    "address": "2524 Hackberry Lane, Hoover, AL, USA 35226",
    "city": "Hoover",
    "state": "Alabama",
    "zipcode": 35226,
    "phone": "1 205-879-4247",
    "website": "https://www.bisweb.org/wis/",
    "contact_person": "Nasim Uddin",
    "role": "President",
    "contact_email": "nasim.uddin@bisweb.org, \nbisoffice@bisweb.org",
    "latitude": "",
    "longitude": ""
  },
  {
    "organization_name": "Huntsville Islamic Center - Sunday Islamic School",
    "address": "1645 Sparkman Drive, Huntsville, AL 35816",
    "city": "Huntsville",
    "state": "Alabama",
    "zipcode": 35816,
    "phone": "256-721-1712",
    "website": "https://huntsvilleislamiccenter.org/",
    "contact_person": "Br. Miran Mohammed",
    "role": "President",
    "contact_email": "president@huntsvilleislamiccenter.org, \nhicsundayschool@gmail.com",
    "latitude": "",
    "longitude": ""
  },
  {
    "organization_name": "Islamic Center of Tuscaloosa",
    "address": "1416 Paul W Bryant Dr, Tuscaloosa, AL 35401",
    "city": "Tuscaloosa",
    "state": "Alabama",
    "zipcode": 35401,
    "phone": "1 205 886 0596",
    "website": "https://istuscaloosa.org",
    "contact_person": "",
    "role": "",
    "contact_email": "support@istuscaloosa.org",
    "latitude": "",
    "longitude": ""
  },
  {
    "organization_name": "Fahed Al Aoida School",
    "address": "8005 Spring St. & E 80th Ave, Anchorage, AK 99518",
    "city": "Anchorage",
    "state": "Alaska",
    "zipcode": 99518,
    "phone": "907-250-3664",
    "website": "https://alaskamasjid.org/FahedAlAodaSchool.html",
    "contact_person": "Dali Osmane",
    "role": "In Charge",
    "contact_email": "alaskamuslimcommunity@yahoo.com",
    "latitude": "",
    "longitude": ""
  },
  {
    "organization_name": "ICNEV LEARNING CENTER - Islamic Center North East Valley",
    "address": "Islamic Center Of North East Valley, 12125 East Vía Linda, Scottsdale, AZ, 85259",
    "city": "Chandler",
    "state": "Arizona",
    "zipcode": 85259,
    "phone": "(602) 456-0199",
    "website": "https://islamcenter.com/icnev-learning-center",
    "contact_person": "",
    "role": "In Charge",
    "contact_email": "pr@islamcenter.com",
    "latitude": "",
    "longitude": ""
  },
  {
    "organization_name": "ICEV Sunday School",
    "address": "425 N Alma School Rd, Chandler, AZ 85224",
    "city": "Chandler",
    "state": "Arizona",
    "zipcode": 85224,
    "phone": "(480) 910-0330",
    "website": "https://sites.google.com/icevmasjid.org/icev-sunday-school/home",
    "contact_person": "",
    "role": "",
    "contact_email": "sundayschool@icevmasjid.org",
    "latitude": "",
    "longitude": ""
  },
  {
    "organization_name": "Islamic Community Center of Phoenix",
    "address": "7516 North Black Canyon Highway, Phoenix, AZ 85051",
    "city": "Phoenix",
    "state": "Arizona",
    "zipcode": 8505,
    "phone": "(602) 249-0496",
    "website": "https://iccpaz.com/school/",
    "contact_person": "",
    "role": "",
    "contact_email": "info@iccpaz.com",
    "latitude": "",
    "longitude": ""
  },
  {
    "organization_name": "Ariizona Culturul Academy",
    "address": "7810 S 42nd Pl, Phoenix, AZ 85042",
    "city": "Phoenix",
    "state": "Arizona",
    "zipcode": 85042,
    "phone": "(602) 454-1222",
    "website": "https://www.azacademy.org/",
    "contact_person": "",
    "role": "",
    "contact_email": "info@azacademy.org\nadministration@azacademy.org\naca.registrar@azacademy.org",
    "latitude": "",
    "longitude": ""
  },
  {
    "organization_name": "Islamic Center of Little Rocks",
    "address": "3224 Anna St, Little Rock, AR 72204",
    "city": "Little Rock",
    "state": "Arkansas",
    "zipcode": 72204,
    "phone": "01-565-4930",
    "website": "https://theiclr.org/sunday-school/",
    "contact_person": "",
    "role": "Principal",
    "contact_email": "principal@hudaacademy.org",
    "latitude": "",
    "longitude": ""
  },
  {
    "organization_name": "Bentonville Islamic Center",
    "address": "1801 SW 2nd St, Bentonville, AR 72712",
    "city": "Bentonville",
    "state": "Arkansas",
    "zipcode": 72712,
    "phone": "1 (479) 385-6242",
    "website": "https://bic-ar.org/",
    "contact_person": "",
    "role": "",
    "contact_email": "bicnwa@gmail.com",
    "latitude": "",
    "longitude": ""
  },
  {
    "organization_name": "MEdina Institute",
    "address": "",
    "city": "",
    "state": "Arkansas",
    "zipcode": "",
    "phone": "",
    "website": "",
    "contact_person": "",
    "role": "",
    "contact_email": "sundayschool@madinainstitute.us",
    "latitude": "",
    "longitude": ""
  },
  {
    "organization_name": "Rocky Mountain Islamic Center",
    "address": "7510 W Mississippi ave, Lakewood, Colorado",
    "city": "Lakewood",
    "state": "Colorado",
    "zipcode": 80232,
    "phone": "1 720-583-4463",
    "website": "https://www.rmislamiccenter.com",
    "contact_person": "",
    "role": "",
    "contact_email": "rmislamiccenter@gmail.com",
    "latitude": "",
    "longitude": ""
  },
  {
    "organization_name": "Masjid Al Nur",
    "address": "2124 South Birch Street, Denver, CO 80222",
    "city": "Denver",
    "state": "Colorado",
    "zipcode": 80222,
    "phone": "(303) 759-1985, (970) 703-5891",
    "website": "https://disbirchstreet.wixsite.com/masjid-alnur",
    "contact_person": "",
    "role": "",
    "contact_email": "dis.birchstreet@gmail.com",
    "latitude": "",
    "longitude": ""
  },
  {
    "organization_name": "Islamic Center of Fort Collins",
    "address": "925 West Lake Street, Fort Collins, CO 80521",
    "city": "Fort Collins",
    "state": "Colorado",
    "zipcode": 80521,
    "phone": "1 (970) 221-2425",
    "website": "https://www.icfc.org/",
    "contact_person": "",
    "role": "",
    "contact_email": "info@icfc.org",
    "latitude": "",
    "longitude": ""
  },
  {
    "organization_name": "South Denver Islamic Center",
    "address": "PO Box 4675, Greenwood Village, CO 80155",
    "city": "Green Wood",
    "state": "Colorado",
    "zipcode": 80155,
    "phone": "720-772-7342",
    "website": "https://www.khadeejah.org/",
    "contact_person": "Mohammad Waseem Khan",
    "role": "President",
    "contact_email": "",
    "latitude": "",
    "longitude": ""
  },
  {
    "organization_name": "Cresent View Academy",
    "address": "10958 East Bethany Drive, Aurora, CO 80014",
    "city": "Aurora",
    "state": "Colorado",
    "zipcode": 80014,
    "phone": "(303) 745-2245",
    "website": "http://crescentview.org/",
    "contact_person": "Iyad Wazwaz",
    "role": "Principal",
    "contact_email": "info@crescentview.org",
    "latitude": "",
    "longitude": ""
  },
  {
    "organization_name": "Metropolitan Denver North Islamic Center",
    "address": "11141 N Irma Drive, Northglenn, CO 80233",
    "city": "Northglenn",
    "state": "Colorado",
    "zipcode": 80233,
    "phone": "303-920-0252",
    "website": "www.masjidikhlas.org",
    "contact_person": "",
    "role": "",
    "contact_email": "ikhlasacademy@masjidikhlas.org\noffice@masjidikhlas.org",
    "latitude": "",
    "longitude": ""
  },
  {
    "organization_name": "Quba Masjid",
    "address": "Golden Crescent, Hayes, UB3 1AQ",
    "city": "Alameda",
    "state": "California",
    "zipcode": 94550,
    "phone": "44(0) 208 150 9299",
    "website": "https://www.qubamasjid.com/qubamadrasah/",
    "contact_person": "",
    "role": "",
    "contact_email": "info@qubamasjid.com",
    "latitude": "",
    "longitude": ""
  },
  {
    "organization_name": "Masjid Al Taqwa",
    "address": "2181 N Lake Ave, Altadena, CA 91001",
    "city": "Altadena",
    "state": "California",
    "zipcode": 91001,
    "phone": "310-904-9288",
    "website": "http://altaqwamasjid.com/",
    "contact_person": "Br. Mohammad Iqbal Lakhani",
    "role": "In Charge",
    "contact_email": "milakhani21@yahoo.com",
    "latitude": "",
    "longitude": ""
  },
  {
    "organization_name": "The Islamic Center of Anaheim",
    "address": "1136 N. Brookhurst St. Anaheim, CA 92801",
    "city": "Anaheim",
    "state": "California",
    "zipcode": 92801,
    "phone": "714-999-2800",
    "website": "https://www.aicpca.org/",
    "contact_person": "",
    "role": "",
    "contact_email": "info@aicpca.org",
    "latitude": "",
    "longitude": ""
  },
  {
    "organization_name": "The Islamic education School (Ties with Islamic Center of Anaheim)",
    "address": "1136 N. Brookhurst St. Anaheim, CA 92801",
    "city": "Anaheim",
    "state": "California",
    "zipcode": 92801,
    "phone": "714 999-2810",
    "website": "https://ties.aicpca.org/",
    "contact_person": "",
    "role": "",
    "contact_email": "ties@aicpca.org",
    "latitude": "",
    "longitude": ""
  },
  {
    "organization_name": "The Islamic Shoura Council of Bakersfield",
    "address": "701 Ming Ave #146, Bakersfield, CA 93307",
    "city": "Bakersfield",
    "state": "California",
    "zipcode": 93307,
    "phone": "661-303-1543",
    "website": "http://www.iscob.org/school.html",
    "contact_person": "",
    "role": "",
    "contact_email": "info@iscob.org, contactus@iscob.org, amir@iscob.org",
    "latitude": "",
    "longitude": ""
  },
  {
    "organization_name": "Al-Iman Sunday School (Yassen Foundation)",
    "address": "Belmont: 621 Masonic Way, Belmont, CA\n Burlingame: 1722 Gilbreth Rd, Burlingame CA",
    "city": "Belmont",
    "state": "California",
    "zipcode": 94002,
    "phone": "650-797-0681",
    "website": "https://www.yaseen.org/programs/al-iman-school",
    "contact_person": "",
    "role": "Principal",
    "contact_email": "principal@alimanislamicschool.org",
    "latitude": "",
    "longitude": ""
  },
  {
    "organization_name": "Brentwood Muslim Community Center - (Weekend School)",
    "address": "7701 Lone Tree Way Brentwood, CA 94513",
    "city": "Brentwood",
    "state": "California",
    "zipcode": 94513,
    "phone": "925-298-2622",
    "website": "https://brmcc.org/#",
    "contact_person": "Fahim Choudhary",
    "role": "In Charge",
    "contact_email": "info@brmcc.org",
    "latitude": "",
    "longitude": ""
  },
  {
    "organization_name": "Hikmah School (Brentwood Muslim Community Center)",
    "address": "7701 Lone Tree Way Brentwood, CA 94513",
    "city": "Brentwood",
    "state": "California",
    "zipcode": 94513,
    "phone": "925-298-2622",
    "website": "https://hikmahschool.com/",
    "contact_person": "Fahim Choudhary",
    "role": "In Charge",
    "contact_email": "info@hikmahschool.com",
    "latitude": "",
    "longitude": ""
  },
  {
    "organization_name": "Darul Islam",
    "address": "2449 Buena Vista Avenue, Walnut creek, CA 94597",
    "city": "Walnut Creek",
    "state": "California",
    "zipcode": 94597,
    "phone": "925-482-0077",
    "website": "https://www.darulislam.org/sunday-school/",
    "contact_person": "",
    "role": "",
    "contact_email": "school@darulislam.org",
    "latitude": "",
    "longitude": ""
  },
  {
    "organization_name": "Islamic Education Center of Orange County",
    "address": "3194-B Airport Loop Drive, Costa Mesa, CA 92626",
    "city": "Costa Mesa",
    "state": "California",
    "zipcode": 92626,
    "phone": "714 - 432-0060",
    "website": "https://iecoc.org/school/",
    "contact_person": "Dr. Sayed Moustafa al-Qazwini",
    "role": "Founder, Director & Imam",
    "contact_email": "info@iecoc.org",
    "latitude": "",
    "longitude": ""
  },
  {
    "organization_name": "Prime Years Academy",
    "address": "495 Santana Way Corona, Riverside County 92881",
    "city": "Corona",
    "state": "California",
    "zipcode": 92881,
    "phone": "951-561-3643, \n951-256-0556",
    "website": "https://www.primeyearsacademy.com",
    "contact_person": "",
    "role": "",
    "contact_email": "director.primeyears@yahoo.com",
    "latitude": "",
    "longitude": ""
  },
  {
    "organization_name": "ISCN Learning Center",
    "address": "495 Santana Way Corona, Riverside County 92881",
    "city": "Corona",
    "state": "California",
    "zipcode": 92881,
    "phone": "951-264-6739, \n951-582-1658",
    "website": "https://www.tlc-corona.org/",
    "contact_person": "Ms. Aniqa Janjua, \nMs. Sabean Delaney",
    "role": "School Director & Principal,\nSchool Manager",
    "contact_email": "schooldirector.tlc@gmail.com​, \nadmin.tlc@coronamuslims.com",
    "latitude": "",
    "longitude": ""
  },
  {
    "organization_name": "Islamic Society of Folsom",
    "address": "1835 Prairie City Rd, Folsom, CA 95630",
    "city": "Folsom",
    "state": "California",
    "zipcode": 95630,
    "phone": "(916)294-3047",
    "website": "http://masjidbilal.com",
    "contact_person": "Dr. Dale Hamad",
    "role": "In Charge",
    "contact_email": "",
    "latitude": "",
    "longitude": ""
  },
  {
    "organization_name": "Sunday School - Islamic Society of East Bay",
    "address": "33330 Peace Terrace, Fremont, CA 94555",
    "city": "Fremont",
    "state": "California",
    "zipcode": 94555,
    "phone": "408 309 3798\n510 673 6298",
    "website": "http://sundayschooliseb.com/",
    "contact_person": "",
    "role": "",
    "contact_email": "sundayschooliseb@sundayschooliseb.com",
    "latitude": "",
    "longitude": ""
  },
  {
    "organization_name": "Sunday Islamic School of Fremont",
    "address": "ILM Academy at 42412 Albrae Ave, Fremont, CA. 94538.",
    "city": "Fremont",
    "state": "California",
    "zipcode": 94538,
    "phone": "408-309-3798",
    "website": "https://sites.google.com/sisfonline.com/home/",
    "contact_person": "Mr. Imtiaz",
    "role": "Principal",
    "contact_email": "imtiaz622@gmail.com",
    "latitude": "",
    "longitude": ""
  },
  {
    "organization_name": "Masjid Fresno Islamic Center",
    "address": "2111 E Shaw Ave, Fresno, CA, 93710",
    "city": "Fresno",
    "state": "California",
    "zipcode": 93710,
    "phone": "559-222-6686",
    "website": "https://www.masjidfresno.org/",
    "contact_person": "Seikh Ramadan",
    "role": "Imam",
    "contact_email": "sheikhramadan@gmail.com,\nimammasjidfresno@gmail.com,",
    "latitude": "",
    "longitude": ""
  },
  {
    "organization_name": "Masjid Badr Sierra Community Center",
    "address": "7150 North Milburn Ave. Fresno, CA 93722",
    "city": "Fresno",
    "state": "California",
    "zipcode": 93722,
    "phone": "559-478-7721",
    "website": "https://www.masjidbadr.org/",
    "contact_person": "",
    "role": "",
    "contact_email": "info@masjidbadr.org",
    "latitude": "",
    "longitude": ""
  },
  {
    "organization_name": "Islamic Center of Hawthorne",
    "address": "12209 Hawthorne Way Hawthorne, CA 90250",
    "city": "Hawthorne",
    "state": "California",
    "zipcode": 90250,
    "phone": "310-973-8000",
    "website": "https://ichla.org/services/weekend-school/",
    "contact_person": "",
    "role": "",
    "contact_email": "ichsaturdayschool@yahoo.com, \nsundayschool.ich@gmail.com",
    "latitude": "",
    "longitude": ""
  },
  {
    "organization_name": "Islamic Center of Irvine",
    "address": "2 Truman, Irvine, CA 92620",
    "city": "Irvine",
    "state": "California",
    "zipcode": 92620,
    "phone": "949-336-3977",
    "website": "https://www.icoi.net/aim-weekend-school/",
    "contact_person": "Ms. Mehnaz Piracha",
    "role": "Director",
    "contact_email": "ws@icoi.net",
    "latitude": "",
    "longitude": ""
  },
  {
    "organization_name": "Masjid Madera",
    "address": "16634 Road 26 Madera, Ca 93638",
    "city": "Madera",
    "state": "California",
    "zipcode": 93638,
    "phone": "(559) 885-3400",
    "website": "http://www.masjidmadera.com",
    "contact_person": "Abdullah",
    "role": "In Charge",
    "contact_email": "masjidmadera@gmail.com",
    "latitude": "",
    "longitude": ""
  },
  {
    "organization_name": "Masjid Darus Salam",
    "address": "374 Turquoise St Milpitas CA 95035",
    "city": "Milpitas",
    "state": "California",
    "zipcode": 95035,
    "phone": "408-786-9658",
    "website": "https://alhilaal.org",
    "contact_person": "",
    "role": "",
    "contact_email": "info@alhilaal.org",
    "latitude": "",
    "longitude": ""
  },
  {
    "organization_name": "Orange County Islamic Foundation",
    "address": "23581 Madero Ste. # 101, Mission Viejo, CA 92691",
    "city": "Mission Viejo",
    "state": "California",
    "zipcode": 92691,
    "phone": "(949) 595-0480",
    "website": "https://www.ocif.org/weekend-school-2/",
    "contact_person": "",
    "role": "",
    "contact_email": "admin@ocif.org",
    "latitude": "",
    "longitude": ""
  },
  {
    "organization_name": "Al Nur Islamic Center",
    "address": "4959 Palo Verde St. Suite 205-C",
    "city": "Montclair",
    "state": "California",
    "zipcode": 91763,
    "phone": "626-378-8156",
    "website": "https://www.alnuric.org/",
    "contact_person": "",
    "role": "",
    "contact_email": "admin@alnooric.org",
    "latitude": "",
    "longitude": ""
  },
  {
    "organization_name": "Mus'ab Ibn Umayr School",
    "address": "2700 Borchard Road, Newbury Park, CA 91320",
    "city": "Newbury",
    "state": "California",
    "zipcode": 91320,
    "phone": "805-499-2106",
    "website": "https://iccv.org/miu-school",
    "contact_person": "Imam Muhammed Shoayb Mehtar",
    "role": "Principal",
    "contact_email": "MIUschool@gmail.com, iccvnews@gmail.com",
    "latitude": "",
    "longitude": ""
  },
  {
    "organization_name": "Islamic Center of Ventura County",
    "address": "271Riverpark Blvd Oxnard,CA.93036",
    "city": "Oxnard",
    "state": "California",
    "zipcode": 93036,
    "phone": "805-427-2081,\n805-351-5999",
    "website": "https://icovc.org/classes/",
    "contact_person": "Br. Abul Saleh",
    "role": "Coordinator",
    "contact_email": "hasnatsaleh@ yahoo.com, info@icovc.org",
    "latitude": "",
    "longitude": ""
  },
  {
    "organization_name": "MCC Sunday School (Muslim Community Center of East Bay)",
    "address": "5724 W Las Positas Blvd #300, Pleasanton, CA 94588",
    "city": "Pleasanton",
    "state": "California",
    "zipcode": 94588,
    "phone": "925 485 1786",
    "website": "https://www.mccsundayschool.org",
    "contact_person": "Shaima Rahmani",
    "role": "Principal",
    "contact_email": "principal@mccsundayschool.org. info@mccsundayschool.org",
    "latitude": "",
    "longitude": ""
  },
  {
    "organization_name": "Ahlul Beyt Mosque",
    "address": "2155 Murchison Ave.",
    "city": "Pomona",
    "state": "California",
    "zipcode": 91768,
    "phone": "909-622-9158",
    "website": "https://www.ahlulbeyt.net/ahlul-beyt-school/",
    "contact_person": "",
    "role": "",
    "contact_email": "",
    "latitude": "",
    "longitude": ""
  },
  {
    "organization_name": "Islamic Center of South Bay",
    "address": "25816 Walnut St, Lomita, CA 90717",
    "city": "Lomita",
    "state": "California",
    "zipcode": 90717,
    "phone": "(310) 534-1363",
    "website": "https://masjidalnoor.org/alnoor-islamic-weekend-school/",
    "contact_person": "Qari Anas Daghameen,\nEhtesham Mirza, \nAbed Bellouche",
    "role": "Imam, \nPresident, \nCOO",
    "contact_email": "imamanas@masjidalnoor.org, \nmirza@masjidalnoor.org, \nabed@masjidalnoor.org",
    "latitude": "",
    "longitude": ""
  },
  {
    "organization_name": "Islamic Center of Southern California",
    "address": "434 S. Vermont Ave. Los Angeles, CA 90020",
    "city": "Los Angeles",
    "state": "California",
    "zipcode": 90020,
    "phone": "213 382 9200",
    "website": "https://www.islamiccenter.com/",
    "contact_person": "Hadir Elsayad",
    "role": "Head of Sunday School",
    "contact_email": "sundayschool@islamiccenter.com, \ninfo@islamiccenter.com",
    "latitude": "",
    "longitude": ""
  },
  {
    "organization_name": "Masjid Annur Islamic Center",
    "address": "6990 65th St, Sacramento, CA 95828",
    "city": "Sacramento",
    "state": "California",
    "zipcode": 95828,
    "phone": "(916) 392 6687",
    "website": "https://www.masjidannur.com/services/annur-sunday-school",
    "contact_person": "",
    "role": "",
    "contact_email": "EducationDirector@masjidannur.com, secretary@masjidannur.com",
    "latitude": "",
    "longitude": ""
  },
  {
    "organization_name": "Islamic Center of Riverside",
    "address": "1038 W Linden St, Riverside, CA 92507",
    "city": "Riverside",
    "state": "California",
    "zipcode": 92507,
    "phone": "(951) 732-7641",
    "website": "https://www.islamiccenterofriverside.net/sunday-school",
    "contact_person": "",
    "role": "",
    "contact_email": "Info@masjidriverside.org",
    "latitude": "",
    "longitude": ""
  },
  {
    "organization_name": "Islamic Center of San Gabriel Valley",
    "address": "19164 E. Walnut Dr. North, Rowland Heights, CA 91748",
    "city": "Rowland Heights",
    "state": "California",
    "zipcode": 91746,
    "phone": "626 964 3596",
    "website": "https://www.icsgv.com/weekend-islamic-school/",
    "contact_person": "Rashed Mohammadi",
    "role": "Principal",
    "contact_email": "administration@icsgv.com",
    "latitude": "",
    "longitude": ""
  },
  {
    "organization_name": "Salam Weekend School (Sacramento Area League of Associated Muslims)",
    "address": "4545 College Oak Dr, Sacramento, CA 95841",
    "city": "Sacramento",
    "state": "California",
    "zipcode": 95841,
    "phone": "916-979-1933 Ext 3",
    "website": "https://salamcenter.org/salam-weekend-school/",
    "contact_person": "Ossama Elsebai",
    "role": "Facility Director",
    "contact_email": "facilitiesdirector@salamcenter.org, \nofficemanager@salamcenter.org,",
    "latitude": "",
    "longitude": ""
  },
  {
    "organization_name": "Islamic Center of Reseda",
    "address": "18206 Victory Boulevard, Reseda, CA",
    "city": "Reseda",
    "state": "California",
    "zipcode": 91335,
    "phone": "818-697-2990",
    "website": "https://islamiccenterofreseda.com/weekend-school/",
    "contact_person": "Sis. Shirin Karoon",
    "role": "Principal",
    "contact_email": "icreseda1@aol.com",
    "latitude": "",
    "longitude": ""
  },
  {
    "organization_name": "Islamic Center od San Francisco",
    "address": "400 Crescent Ave, San Fransico",
    "city": "Sanfrancisco",
    "state": "California",
    "zipcode": 94110,
    "phone": "415.624.3754",
    "website": "https://www.icofsf.org",
    "contact_person": "",
    "role": "",
    "contact_email": "icofsf@gmail.com",
    "latitude": "",
    "longitude": ""
  },
  {
    "organization_name": "Islamic education Center of San Diago",
    "address": "8977 Activity Rd. Suite 103",
    "city": "San Diago",
    "state": "California",
    "zipcode": 92126,
    "phone": "858-689-8888",
    "website": "http://www.iecsd.com",
    "contact_person": "",
    "role": "",
    "contact_email": "Imam@Iecsd.com, Info@iecsd.com",
    "latitude": "",
    "longitude": ""
  },
  {
    "organization_name": "Al Rashid School (Islamic Center of San Diago)",
    "address": "7050 Eckstrom Ave, San Diego",
    "city": "San Diago",
    "state": "California",
    "zipcode": 92111,
    "phone": "858-278-5240",
    "website": "https://www.icsd.org/al-rashid-school.html",
    "contact_person": "",
    "role": "",
    "contact_email": "admin@alrashid.icsd.org, admin@icsd.org",
    "latitude": "",
    "longitude": ""
  },
  {
    "organization_name": "Noor Al Islam School (Masjid Noor Al Islam)",
    "address": "118 Jones Street, San Francisco CA 94102",
    "city": "San Francisco",
    "state": "California",
    "zipcode": 94102,
    "phone": "(415) 292-9709",
    "website": "https://www.alsabeel.org/",
    "contact_person": "",
    "role": "",
    "contact_email": "alsabeel@alsabeel.org",
    "latitude": "",
    "longitude": ""
  },
  {
    "organization_name": "Mosque of San Gabriel",
    "address": "1301 East Las Tunas Drive, San Gabriel, California 91775",
    "city": "San Gabriel",
    "state": "California",
    "zipcode": 91775,
    "phone": "(626) 285-2697",
    "website": "https://www.masjidgibrael.org/sunday-school/",
    "contact_person": "",
    "role": "",
    "contact_email": "masjidgibrael1301@gmail.com",
    "latitude": "",
    "longitude": ""
  },
  {
    "organization_name": "SAB Sunday School (Saba islamic center)",
    "address": "4415 Fortran Ct, San Jose, CA 95134",
    "city": "San Jose",
    "state": "California",
    "zipcode": 95134,
    "phone": "(408) 946-5700",
    "website": "https://www.saba-igc.org/",
    "contact_person": "Dr. Nabi Raza Abidi",
    "role": "School Admin, \nImam, \nGeneral Inquiries",
    "contact_email": "sab-admin@saba-igc.org, \naalim@saba-igc.org, \nsaba@saba-igc.org",
    "latitude": "",
    "longitude": ""
  },
  {
    "organization_name": "Alqarawiyyeen Schools (Blossom Valley Muslim Community Center)",
    "address": "5885 Santa Teresa Blvd. #113 ,\n San Jose, CA 95123",
    "city": "San Jose",
    "state": "California",
    "zipcode": 95123,
    "phone": "408-588-1717, \n408-362-0903",
    "website": "https://www.bvmcc.org",
    "contact_person": "",
    "role": "School, \nPresident, \nTreasurer, \nSecretary",
    "contact_email": "Info@alqarawiyyeenschools.com, \npresident@bvmcc.org, \ntreasurer@bvmcc.org, \nsecretary@bvmcc.org",
    "latitude": "",
    "longitude": ""
  },
  {
    "organization_name": "South Bay Islamic Association",
    "address": "2345 Harris Way, San Jose, CA 95131",
    "city": "San Jose",
    "state": "California",
    "zipcode": 95131,
    "phone": "",
    "website": "https://sbia.info/",
    "contact_person": "",
    "role": "School, \nDirector, \nTrustee",
    "contact_email": "sbiais@sbia.info, \ndirectors@sbia.info, \ntrustees@sbia.info",
    "latitude": "",
    "longitude": ""
  },
  {
    "organization_name": "South Valley Islamic Center",
    "address": "Morgan Hill Grange, 40 E 4th St, Morgan Hill, CA 95037",
    "city": "Morgan Hill",
    "state": "California",
    "zipcode": 95037,
    "phone": "Morgan Hill Grange, 40 E 4th St, Morgan Hill, CA 95037",
    "website": "https://svic.org/islamic-school/",
    "contact_person": "",
    "role": "",
    "contact_email": "svic@svic.org",
    "latitude": "",
    "longitude": ""
  },
  {
    "organization_name": "San Ramon Valley Islamic Center",
    "address": "2232 Camino Ramon, San Ramon, CA 94583",
    "city": "San Ramon",
    "state": "California",
    "zipcode": 94583,
    "phone": "925-380-6432",
    "website": "https://srvic.org/islamic-school/",
    "contact_person": "Nasira Sharieff, \nSr. Hasiba Sareshwala",
    "role": "",
    "contact_email": "hasiba@SRVIC.org",
    "latitude": "",
    "longitude": ""
  },
  {
    "organization_name": "Imammia Education Center",
    "address": "2110 East 1 St Street, Suite 102-103, and 105 , Santa Ana , Ca. 92705",
    "city": "Santa Ana",
    "state": "California",
    "zipcode": 92705,
    "phone": "(714) 524-5580",
    "website": "https://www.imamia.org",
    "contact_person": "",
    "role": "",
    "contact_email": "aamithani@yahoo.com",
    "latitude": "",
    "longitude": ""
  },
  {
    "organization_name": "Islamic Society of Santa Barbara",
    "address": "302 N. Los Carneros Road, Goleta, CA 93117",
    "city": "Goleta",
    "state": "California",
    "zipcode": 93117,
    "phone": "805-317-4277",
    "website": "https://islamsb.org/take-a-class/",
    "contact_person": "",
    "role": "",
    "contact_email": "contactissb@gmail.com",
    "latitude": "",
    "longitude": ""
  },
  {
    "organization_name": "Muslim Community Association",
    "address": "3003 Scott Blvd, Santa Clara, CA 95054",
    "city": "Santa Clara",
    "state": "California",
    "zipcode": 95054,
    "phone": "(408) 727-7277 ext 413",
    "website": "https://mcabayarea.org/weekend-islamic-school/",
    "contact_person": "",
    "role": "",
    "contact_email": "wis@mcabayarea.org",
    "latitude": "",
    "longitude": ""
  },
  {
    "organization_name": "Islamic Center of Temecula Valley",
    "address": "31061 Nicolas Road, Temecula, CA 92591",
    "city": "Temecula",
    "state": "California",
    "zipcode": 92591,
    "phone": "(888) 232-2288",
    "website": "https://icotv.org/",
    "contact_person": "Br. Bahjat Akari",
    "role": "Education Comitee Chairperson",
    "contact_email": "education@icotv.org",
    "latitude": "",
    "longitude": ""
  },
  {
    "organization_name": "Tracy Islamic Center",
    "address": "11970 W. Larch Road, Tracy, CA 95304",
    "city": "Tracy",
    "state": "California",
    "zipcode": 95304,
    "phone": "209-830-6286",
    "website": "https://www.tracyislamiccenter.org/services/sunday-school/",
    "contact_person": "",
    "role": "",
    "contact_email": "school@tracyislamiccenter.org",
    "latitude": "",
    "longitude": ""
  },
  {
    "organization_name": "Jafaria Islamic Society",
    "address": "1546 E La Palma Ave, Anaheim, CA 92805",
    "city": "Anaheim",
    "state": "California",
    "zipcode": 92805,
    "phone": "323-854-6122, 562-965-7900, 310-780-8499",
    "website": "https://jafaria.org/school/",
    "contact_person": "Musawir Jafri, \nShehla Zaidi, \nSamina Hasan",
    "role": "",
    "contact_email": "info@jafaria.org",
    "latitude": "",
    "longitude": ""
  },
  {
    "organization_name": "Darul Falah Islamic Center",
    "address": "14712 Bentley Circle Tustin CA 92780",
    "city": "Tustin",
    "state": "California",
    "zipcode": 92780,
    "phone": "949-466-2740",
    "website": "https://tustinmasjid.com/",
    "contact_person": "",
    "role": "",
    "contact_email": "dufprograms@gmail.com, \ninfo@tustinmasjid.com, \ndfmasjid786@yahoo.com",
    "latitude": "",
    "longitude": ""
  },
  {
    "organization_name": "Islamic Community of Slinas",
    "address": "35 West Market, ST Salinas, CA",
    "city": "Salinas",
    "state": "California",
    "zipcode": 93901,
    "phone": "831-272-4885",
    "website": "https://www.icsalinas.org/school",
    "contact_person": "",
    "role": "",
    "contact_email": "imam@icsalinas.org",
    "latitude": "",
    "longitude": ""
  },
  {
    "organization_name": "Islamic Association of Greater Hartford Weekend School (Berlin Mosque)",
    "address": "1781 Wilbur Cross Highway Berlin, CT 06037",
    "city": "Berlin",
    "state": "Connecticut",
    "zipcode": 6037,
    "phone": "860-829-6411",
    "website": "https://www.berlinmosque.org/sunday-school/",
    "contact_person": "",
    "role": "",
    "contact_email": "iaghweekendschool@gmail.com",
    "latitude": "",
    "longitude": ""
  },
  {
    "organization_name": "Bridgeport Islamic Community Center",
    "address": "703 State Street, Bridgeport, CT 06604",
    "city": "Bridgeport",
    "state": "Connecticut",
    "zipcode": 6604,
    "phone": "(203)870-1729",
    "website": "https://www.mybicc.org/",
    "contact_person": "",
    "role": "",
    "contact_email": "education@mybicc.org",
    "latitude": "",
    "longitude": ""
  },
  {
    "organization_name": "Clara Muhammad School (Muhammad Islamic Center of Greater Hartford)",
    "address": "155 Hungerford St, Hartford, CT 06106",
    "city": "hartford",
    "state": "Connecticut",
    "zipcode": 6106,
    "phone": "(860) 728 8646",
    "website": "https://micgh.org",
    "contact_person": "",
    "role": "",
    "contact_email": "taqwanct@aol.com",
    "latitude": "",
    "longitude": ""
  },
  {
    "organization_name": "Islamic Center of Conneticut",
    "address": "140 White Rock Dr Windsor, CT 06095",
    "city": "Windsor",
    "state": "Connecticut",
    "zipcode": 6095,
    "phone": "1-844-623-4621",
    "website": "http://icct.org/sunday-school/",
    "contact_person": "Muhammad Suleiman",
    "role": "Principal",
    "contact_email": "sundayschool@icct.org",
    "latitude": "",
    "longitude": ""
  },
  {
    "organization_name": "The Islamic Association of Central Connecticut",
    "address": "100 Arch St, New Britain, CT 06051",
    "city": "New Britain",
    "state": "Connecticut",
    "zipcode": 6051,
    "phone": "1 860-348-5733",
    "website": "https://taqwact.org/services/weekend-school/",
    "contact_person": "",
    "role": "",
    "contact_email": "info@taqwact.org",
    "latitude": "",
    "longitude": ""
  },
  {
    "organization_name": "Stamford Islamic Center",
    "address": "379 West Ave Stamford, CT 06902",
    "city": "Stamform",
    "state": "Connecticut",
    "zipcode": 6902,
    "phone": "203-504-2800",
    "website": "http://stamfordislamiccenter.com",
    "contact_person": "",
    "role": "",
    "contact_email": "info@stamfordislamiccenter.com",
    "latitude": "",
    "longitude": ""
  },
  {
    "organization_name": "Masjid Al Mustafa",
    "address": "95 Schraffts Drive. Waterbury, CT 06705",
    "city": "Waterbury",
    "state": "Connecticut",
    "zipcode": 6705,
    "phone": "(203) 597-7676",
    "website": "https://www.iasconnect.org",
    "contact_person": "",
    "role": "",
    "contact_email": "masjid_almustafa@att.net, Iasconnect@sbcglobal.net",
    "latitude": "",
    "longitude": ""
  },
  {
    "organization_name": "New Haven Islamic Center",
    "address": "254 Bull Hill Lane Orange, CT 06477",
    "city": "Orange",
    "state": "Connecticut",
    "zipcode": 6577,
    "phone": "203-933-5799",
    "website": "https://www.nhicct.org/",
    "contact_person": "",
    "role": "",
    "contact_email": "info@nhicct.org",
    "latitude": "",
    "longitude": ""
  },
  {
    "organization_name": "Childern Educational Program (Islamic Society of Central Delawere)",
    "address": "777 S. Little Creek Road Dover, DE 19901.",
    "city": "Dover",
    "state": "Delawere",
    "zipcode": 19901,
    "phone": "302-943-3659",
    "website": "https://cepdelaware.com/",
    "contact_person": "Muniza Iftekhar",
    "role": "Incharge",
    "contact_email": "cep.delaware@gmail.com",
    "latitude": "",
    "longitude": ""
  },
  {
    "organization_name": "Islamic Society of Delawere (Masjid Ibrahim)",
    "address": "28 Salem Church Rd. Newark DE 19713",
    "city": "Newark",
    "state": "Delawere",
    "zipcode": 19713,
    "phone": "302-733-0373 Ext 8",
    "website": "https://www.isdonline.org/sunday-school",
    "contact_person": "Br. Emad Ahmed",
    "role": "Incharge",
    "contact_email": "sundayschool@isdonline.org",
    "latitude": "",
    "longitude": ""
  },
  {
    "organization_name": "First Hijrah Foundation",
    "address": "4324 Georgia Ave NW, Washington, DC 20011",
    "city": "Washington",
    "state": "District of Columbia",
    "zipcode": 20011,
    "phone": "(202) 450-1163",
    "website": "https://firsthijrah.org",
    "contact_person": "",
    "role": "",
    "contact_email": "info@firsthijrah.org",
    "latitude": "",
    "longitude": ""
  },
  {
    "organization_name": "Islamic Center of Boca Raton",
    "address": "3480 NW 5th Ave, Boca Raton, FL 33431",
    "city": "Boca Raton",
    "state": "Florida",
    "zipcode": 33431,
    "phone": "561-395-7221",
    "website": "https://icbr.org/",
    "contact_person": "",
    "role": "",
    "contact_email": "masjid@icbr.org",
    "latitude": "",
    "longitude": ""
  },
  {
    "organization_name": "The Islamic Center of Daytona Beach",
    "address": "347 S. Keech St.Daytona Beach, FL",
    "city": "Daytona Beach",
    "state": "Florida",
    "zipcode": 32114,
    "phone": "(386) 252-3501",
    "website": "https://ic-db.weebly.com/",
    "contact_person": "Administrator",
    "role": "",
    "contact_email": "",
    "latitude": "",
    "longitude": ""
  },
  {
    "organization_name": "Islamic Society of Central Florida",
    "address": "1586 N. Goldenrod Road, Orlando, FL 32807",
    "city": "Orlando",
    "state": "Florida",
    "zipcode": 32802,
    "phone": "407-273-8363",
    "website": "https://iscf.org/education/wize/",
    "contact_person": "",
    "role": "",
    "contact_email": "",
    "latitude": "",
    "longitude": ""
  },
  {
    "organization_name": "Association of Islamic Charitable Projects",
    "address": "2820 Griffin Rd, Fort Lauderdale, FL 33312",
    "city": "Fort lauderdale",
    "state": "Florida",
    "zipcode": 33312,
    "phone": "(954) 986-1373",
    "website": "https://www.aicp.org/",
    "contact_person": "",
    "role": "",
    "contact_email": "",
    "latitude": "",
    "longitude": ""
  },
  {
    "organization_name": "Masjid Al Iman",
    "address": "2542 Franklin Dr, Fort Lauderdale, Florida 33311",
    "city": "Fort lauderdale",
    "state": "Florida",
    "zipcode": 33311,
    "phone": "1-954-581-6295",
    "website": "https://masjidaliman.com/",
    "contact_person": "",
    "role": "",
    "contact_email": "office@masjidaliman.com",
    "latitude": "",
    "longitude": ""
  },
  {
    "organization_name": "Hoda Center",
    "address": "5220 SW 13th Street\n Gainesville, FL 32608",
    "city": "Gainesville",
    "state": "Florida",
    "zipcode": 32608,
    "phone": "1 352-377-8080",
    "website": "https://hodacenter.org/",
    "contact_person": "Administrator",
    "role": "",
    "contact_email": "hodacentersundayschool@gmail.com, \n hodacenter@hotmail.com",
    "latitude": "",
    "longitude": ""
  },
  {
    "organization_name": "Islamic Jaffaria Association",
    "address": "10554 NW. 132nd Street, Hialeah Gardens, FL 33018",
    "city": "Hialeah Gardens",
    "state": "Florida",
    "zipcode": 33018,
    "phone": "305-557-6835",
    "website": "https://www.ijamiami.org/",
    "contact_person": "",
    "role": "",
    "contact_email": "taqi@ijamiami.org",
    "latitude": "",
    "longitude": ""
  },
  {
    "organization_name": "Islamic Movement of Florida",
    "address": "3201 N 74th Avenue, Hollywood, FL 33024",
    "city": "Hollywood",
    "state": "Florida",
    "zipcode": 33024,
    "phone": "(954) 894-9110",
    "website": "https://www.imof.org/",
    "contact_person": "",
    "role": "",
    "contact_email": "info@imof.org",
    "latitude": "",
    "longitude": ""
  },
  {
    "organization_name": "Islamic Center of Northeast Florida",
    "address": "2333 St Johns Bluff Rd S, Jacksonville, FL 32246",
    "city": "Jacksonville",
    "state": "Florida",
    "zipcode": 32246,
    "phone": "904 646 3462",
    "website": "https://icnef.org/",
    "contact_person": "",
    "role": "",
    "contact_email": "info@icnef.org",
    "latitude": "",
    "longitude": ""
  },
  {
    "organization_name": "Masjid Taqwa",
    "address": "2417 N Central Ave, Kissimmee, FL 34741",
    "city": "Kissimmee",
    "state": "Florida",
    "zipcode": 34741,
    "phone": "321-219-7869",
    "website": "https://masjidtaqwa.org/",
    "contact_person": "",
    "role": "",
    "contact_email": "info@masjidtaqwa.org",
    "latitude": "",
    "longitude": ""
  },
  {
    "organization_name": "Masjid As-Sunnah",
    "address": "1535 S Hoagland Blvd, Kissimmee, FL, United States, Florida",
    "city": "Kissimmee",
    "state": "Florida",
    "zipcode": 34746,
    "phone": "407-935-0337",
    "website": "https://masjidassunnah-fl.com/",
    "contact_person": "",
    "role": "",
    "contact_email": "webmaster@masjidassunnah-fl.com",
    "latitude": "",
    "longitude": ""
  },
  {
    "organization_name": "Islamic Sunday School at Islamic Center of Greater Miami",
    "address": "4305 NW 183rd St, Miami Gardens, FL 33055",
    "city": "Miami Gardens",
    "state": "Florida",
    "zipcode": 33055,
    "phone": "(305) 624‑5555, \n(954) 397‑2013",
    "website": "https://www.sundayschoolaticgm.com/",
    "contact_person": "",
    "role": "",
    "contact_email": "sundayschool.icgm@gmail.com",
    "latitude": "",
    "longitude": ""
  },
  {
    "organization_name": "Islamic Center of Orange park",
    "address": "158 College Dr. Orange Park, FL 32065",
    "city": "Orange Park",
    "state": "Florida",
    "zipcode": 32065,
    "phone": "(904) 330 4847",
    "website": "https://icopfl.org/",
    "contact_person": "",
    "role": "",
    "contact_email": "icopfl786@gmail.com",
    "latitude": "",
    "longitude": ""
  },
  {
    "organization_name": "Islamic Center of Orlando",
    "address": "11543 Ruby Lake Road, Orlando, FL 32836",
    "city": "Orlando",
    "state": "Florida",
    "zipcode": 32836,
    "phone": "689 280 4402",
    "website": "https://www.icorlando.org/",
    "contact_person": "",
    "role": "",
    "contact_email": "info@icorlando.org",
    "latitude": "",
    "longitude": ""
  },
  {
    "organization_name": "Islamic Society of Pinellas County",
    "address": "PO Box 494 Pinellas Park, FL 33780",
    "city": "Pinellas Park",
    "state": "Florida",
    "zipcode": 33780,
    "phone": "1 727-546-3162",
    "website": "https://ispc-fl.org/",
    "contact_person": "",
    "role": "",
    "contact_email": "info@ispc-fl.org",
    "latitude": "",
    "longitude": ""
  },
  {
    "organization_name": "Nur Academy (Islamic Society of Sarasota Beadenton)",
    "address": "4350 North Lockwood Ridge Road, Sarasota, Florida 34234",
    "city": "Sarasota",
    "state": "Florida",
    "zipcode": 34234,
    "phone": "(941)-343-3038",
    "website": "https://nur-academy.org/",
    "contact_person": "",
    "role": "",
    "contact_email": "",
    "latitude": "",
    "longitude": ""
  },
  {
    "organization_name": "Masjid Al Sunnah",
    "address": "2400 6th St S, StPetersburg, FL 33705",
    "city": "St. Petesburg",
    "state": "Florida",
    "zipcode": 33705,
    "phone": "727 288 3636",
    "website": "https://isspmosque.com/",
    "contact_person": "",
    "role": "",
    "contact_email": "Info@arqamsacademy.com, \nAdmin@isspmosque.com",
    "latitude": "",
    "longitude": ""
  },
  {
    "organization_name": "Islamic Foundation of South Florida",
    "address": "5455 NW 108 Ave. Sunrise, FL 33351",
    "city": "Sunrise",
    "state": "Florida",
    "zipcode": 33351,
    "phone": "(954) 213-8897",
    "website": "https://ifsf.net/",
    "contact_person": "",
    "role": "",
    "contact_email": "",
    "latitude": "",
    "longitude": ""
  },
  {
    "organization_name": "Islamic Community of Tallahassee",
    "address": "3617 Old Bainbridge Rd, Tallahasee, FL 32303",
    "city": "Tallahasee",
    "state": "Florida",
    "zipcode": 32303,
    "phone": "(850) 514-0100",
    "website": "https://ictallahassee.org/",
    "contact_person": "",
    "role": "",
    "contact_email": "wist@ictallahassee.org",
    "latitude": "",
    "longitude": ""
  },
  {
    "organization_name": "Hifz Weekend School (Islamic Society of Tampa Bay)",
    "address": "7326 E. Sligh Ave. Tampa, FL 33610",
    "city": "Tampa",
    "state": "Florida",
    "zipcode": 33610,
    "phone": "813-628–0020, 813-628-0007",
    "website": "https://www.istaba.org/",
    "contact_person": "Sr. Mariam Razak",
    "role": "",
    "contact_email": "mainoffice@istaba.org",
    "latitude": "",
    "longitude": ""
  },
  {
    "organization_name": "Muslim Community of Palm Beach County",
    "address": "4893 Purdy Lane, West Palm Beach, FL 33415",
    "city": "West Paml Beach",
    "state": "Florida",
    "zipcode": 33415,
    "phone": "561-969-1584",
    "website": "https://mcpbc.org/",
    "contact_person": "Imam",
    "role": "",
    "contact_email": "imam@mcpbc.org, \ninfo@mcpbc.org",
    "latitude": "",
    "longitude": ""
  },
  {
    "organization_name": "Hamza Islamic Center",
    "address": "665 Tidwell Rd, Alpharetta, GA 30004",
    "city": "Alpharetta",
    "state": "Georgia",
    "zipcode": 30004,
    "phone": "(770) 558-3519",
    "website": "https://www.masjidhamzah.com/",
    "contact_person": "Umar Mohamed Ibrahim, Khalid Bouanani",
    "role": "General Secretary, Facility Director",
    "contact_email": "GeneralSecretary@masjidhamzah.com, \nFacilityDirector@masjidhamzah.com",
    "latitude": "",
    "longitude": ""
  },
  {
    "organization_name": "Masjid Al-Taqwa",
    "address": "Masjid AttaTaqwa, 2680 Golfside Rd, Ann Arbor, MI 48108",
    "city": "Ann Arbor",
    "state": "Michigan",
    "zipcode": 48108,
    "phone": "(734)-829-8380",
    "website": "https://masjidattaqwa.org/",
    "contact_person": "Seikh Ahmed",
    "role": "In Charge",
    "contact_email": "Masjidattaqwaaa@gmail.com",
    "latitude": "",
    "longitude": ""
  },
  {
    "organization_name": "Dar-un-Noor Sunday School",
    "address": "434 Fourteen Street, Atlanta, GA 30318",
    "city": "Atlanta",
    "state": "Georgia",
    "zipcode": 30318,
    "phone": "404-454-5500",
    "website": "https://dunsundayschool.wordpress.com/",
    "contact_person": "Principal",
    "role": "",
    "contact_email": "dunsundayschool@yahoo.com",
    "latitude": "",
    "longitude": ""
  },
  {
    "organization_name": "Masjid Quba",
    "address": "5698 HIGHWAY 20 SE, SUITE E, CARTERSVILLE, GA 30121",
    "city": "CARTERSVILLE",
    "state": "Georgia",
    "zipcode": 30121,
    "phone": "678-719-9770",
    "website": "http://iccga.org/",
    "contact_person": "",
    "role": "",
    "contact_email": "nfo@iccga.org",
    "latitude": "",
    "longitude": ""
  },
  {
    "organization_name": "Dar-E-Abbas",
    "address": "5064 LAWRENCEVILLE HIGHWAY, LILBURN, GA 30047",
    "city": "Lilburn",
    "state": "Georgia",
    "zipcode": 30047,
    "phone": "(404) 277-5295",
    "website": "http://dareabbas.com/",
    "contact_person": "Masoud Naqvi",
    "role": "Principal",
    "contact_email": "",
    "latitude": "",
    "longitude": ""
  },
  {
    "organization_name": "Masjid Omar",
    "address": "955 Harbins Road Lilburn, GA 30047",
    "city": "Lilburn",
    "state": "Georgia",
    "zipcode": 30047,
    "phone": "404-955-0625",
    "website": "https://masjidomar.org/",
    "contact_person": "Sister Noor",
    "role": "",
    "contact_email": "info@masjidomar.org",
    "latitude": "",
    "longitude": ""
  },
  {
    "organization_name": "East Cobb Islamic Center",
    "address": "East Cobb Islamic Center 1111 Braswell Rd.Marietta, GA 30062",
    "city": "Marietta",
    "state": "Georgia",
    "zipcode": 30062,
    "phone": "(678) 528-1414",
    "website": "https://www.ec-ic.org/",
    "contact_person": "",
    "role": "",
    "contact_email": "info@ec-ic.org",
    "latitude": "",
    "longitude": ""
  },
  {
    "organization_name": "Masjid-Ibad-Ur- Rahman",
    "address": "2440 Sandy Plains Rd, Building #15, Marietta, Ga 30066",
    "city": "Marietta",
    "state": "Georgia",
    "zipcode": 30066,
    "phone": "678-560-3398",
    "website": "https://www.ibad-ur-rahman.org/",
    "contact_person": "",
    "role": "",
    "contact_email": "masjid@ibad-ur-rahman.org, \nimaam@ibad-ur-rahman.org",
    "latitude": "",
    "longitude": ""
  },
  {
    "organization_name": "Roswell Community Masjid",
    "address": "345 Market Pl, Roswell, GA 30075,",
    "city": "Roswell",
    "state": "Georgia",
    "zipcode": 30075,
    "phone": "770-640-1411",
    "website": "https://roswellmasjid.org/",
    "contact_person": "",
    "role": "",
    "contact_email": "info@roswellmasjid.org",
    "latitude": "",
    "longitude": ""
  }
]