[
    {
        "SCHOOL_NAME": "Birmingham Islamic Society-Weekend Islamic school",
        "SCHOOL_ADDRESS": "2524 Hackberry Ln, Hoover, AL 35226",
        "city": "Hoover",
        "state": "Alabama",
        "ZIP_CODE": 35226,
        "phone": "1 205-879-4247",
        "website": "https://www.bisweb.org/wis/",
        "CONTACT_PERSON": "Nasim Uddin",
        "role": "President",
        "EMAIL_ADDRESS": "nasim.uddin@bisweb.org",
        "latitude": 33.4194263,
        "longitude": -86.8147379
    },
    {
        "SCHOOL_NAME": "Huntsville Islamic Center - Sunday Islamic School",
        "SCHOOL_ADDRESS": "1645 Sparkman Dr NW, Huntsville, AL 35816",
        "city": "Huntsville",
        "state": "Alabama",
        "ZIP_CODE": 35816,
        "phone": "256-721-1712",
        "website": "https://huntsvilleislamiccenter.org/",
        "CONTACT_PERSON": "Br. Miran Mohammed",
        "role": "President",
        "EMAIL_ADDRESS": "president@huntsvilleislamiccenter.org",
        "latitude": 34.7426918,
        "longitude": -86.6484852
    },
    {
        "SCHOOL_NAME": "Islamic Center of Tuscaloosa",
        "SCHOOL_ADDRESS": "1416 Paul W Bryant Dr, Tuscaloosa, AL 35401",
        "city": "Tuscaloosa",
        "state": "Alabama",
        "ZIP_CODE": 35401,
        "phone": "1 205 886 0596",
        "website": "https://istuscaloosa.org",
        "CONTACT_PERSON": "",
        "role": "",
        "EMAIL_ADDRESS": "support@istuscaloosa.org",
        "latitude": 33.2068501,
        "longitude": -87.5558584
    },
    {
        "SCHOOL_NAME": "Fahed Al Aoida School",
        "SCHOOL_ADDRESS": "E 80th Ave, Anchorage, AK 99518",
        "city": "Anchorage",
        "state": "Alaska",
        "ZIP_CODE": 99518,
        "phone": "907-250-3664",
        "website": "https://alaskamasjid.org/FahedAlAodaSchool.html",
        "CONTACT_PERSON": "Dali Osmane",
        "role": "In Charge",
        "EMAIL_ADDRESS": "alaskamuslimcommunity@yahoo.com",
        "latitude": 61.1483494,
        "longitude": -149.8640232
    },
    {
        "SCHOOL_NAME": "ICNEV LEARNING CENTER - Islamic Center North East Valley",
        "SCHOOL_ADDRESS": "12125 E Vía Linda, Scottsdale, AZ 85259",
        "city": "Chandler",
        "state": "Arizona",
        "ZIP_CODE": 85259,
        "phone": "(602) 456-0199",
        "website": "https://islamcenter.com/icnev-learning-center",
        "CONTACT_PERSON": "",
        "role": "In Charge",
        "EMAIL_ADDRESS": "pr@islamcenter.com",
        "latitude": 33.5892363,
        "longitude": -111.8187643
    },
    {
        "SCHOOL_NAME": "ICEV Sunday School",
        "SCHOOL_ADDRESS": "425 N Alma School Rd, Chandler, AZ 85225",
        "city": "Chandler",
        "state": "Arizona",
        "ZIP_CODE": 85224,
        "phone": "(480) 910-0330",
        "website": "https://sites.google.com/icevmasjid.org/icev-sunday-school/home",
        "CONTACT_PERSON": "",
        "role": "",
        "EMAIL_ADDRESS": "sundayschool@icevmasjid.org",
        "latitude": 33.3109777,
        "longitude": -111.8576207
    },
    {
        "SCHOOL_NAME": "Islamic Community Center of Phoenix",
        "SCHOOL_ADDRESS": "7516 N Black Cyn Hwy, Phoenix, AZ 85051",
        "city": "Phoenix",
        "state": "Arizona",
        "ZIP_CODE": 8505,
        "phone": "(602) 249-0496",
        "website": "https://iccpaz.com/school/",
        "CONTACT_PERSON": "",
        "role": "",
        "EMAIL_ADDRESS": "info@iccpaz.com",
        "latitude": 33.5465429,
        "longitude": -112.1127951
    },
    {
        "SCHOOL_NAME": "Ariizona Culturul Academy",
        "SCHOOL_ADDRESS": "7810 S 42nd Pl, Phoenix, AZ 85042",
        "city": "Phoenix",
        "state": "Arizona",
        "ZIP_CODE": 85042,
        "phone": "(602) 454-1222",
        "website": "https://www.azacademy.org/",
        "CONTACT_PERSON": "",
        "role": "",
        "EMAIL_ADDRESS": "info@azacademy.org",
        "latitude": 33.3756163,
        "longitude": -111.9929104
    },
    {
        "SCHOOL_NAME": "Islamic Center of Little Rocks",
        "SCHOOL_ADDRESS": "3224 Anna St, Little Rock, AR 72204",
        "city": "Little Rock",
        "state": "Arkansas",
        "ZIP_CODE": 72204,
        "phone": "01-565-4930",
        "website": "https://theiclr.org/sunday-school/",
        "CONTACT_PERSON": "",
        "role": "Principal",
        "EMAIL_ADDRESS": "principal@hudaacademy.org",
        "latitude": 34.7221727,
        "longitude": -92.3333719
    },
    {
        "SCHOOL_NAME": "Bentonville Islamic Center",
        "SCHOOL_ADDRESS": "1801 SW 2nd St, Bentonville, AR 72712",
        "city": "Bentonville",
        "state": "Arkansas",
        "ZIP_CODE": 72712,
        "phone": "1 (479) 385-6242",
        "website": "https://bic-ar.org/",
        "CONTACT_PERSON": "",
        "role": "",
        "EMAIL_ADDRESS": "bicnwa@gmail.com",
        "latitude": 36.3713189,
        "longitude": -94.23475669999999
    },
    {
        "SCHOOL_NAME": "MEdina Institute",
        "SCHOOL_ADDRESS": "",
        "city": "",
        "state": "Arkansas",
        "ZIP_CODE": "",
        "phone": "",
        "website": "",
        "CONTACT_PERSON": "",
        "role": "",
        "EMAIL_ADDRESS": "sundayschool@madinainstitute.us",
        "latitude": "",
        "longitude": ""
    },
    {
        "SCHOOL_NAME": "Rocky Mountain Islamic Center",
        "SCHOOL_ADDRESS": "7510 W Mississippi Ave, Lakewood, CO 80226",
        "city": "Lakewood",
        "state": "Colorado",
        "ZIP_CODE": 80232,
        "phone": "1 720-583-4463",
        "website": "https://www.rmislamiccenter.com",
        "CONTACT_PERSON": "",
        "role": "",
        "EMAIL_ADDRESS": "rmislamiccenter@gmail.com",
        "latitude": 39.6956151,
        "longitude": -105.0801732
    },
    {
        "SCHOOL_NAME": "Masjid Al Nur",
        "SCHOOL_ADDRESS": "2124 S Birch St, Denver, CO 80222",
        "city": "Denver",
        "state": "Colorado",
        "ZIP_CODE": 80222,
        "phone": "(303) 759-1985",
        "website": "https://disbirchstreet.wixsite.com/masjid-alnur",
        "CONTACT_PERSON": "",
        "role": "",
        "EMAIL_ADDRESS": "dis.birchstreet@gmail.com",
        "latitude": 39.6776297,
        "longitude": -104.935989
    },
    {
        "SCHOOL_NAME": "Islamic Center of Fort Collins",
        "SCHOOL_ADDRESS": "925 W Lake St, Fort Collins, CO 80521",
        "city": "Fort Collins",
        "state": "Colorado",
        "ZIP_CODE": 80521,
        "phone": "1 (970) 221-2425",
        "website": "https://www.icfc.org/",
        "CONTACT_PERSON": "",
        "role": "",
        "EMAIL_ADDRESS": "info@icfc.org",
        "latitude": 40.5684445,
        "longitude": -105.0944398
    },
    {
        "SCHOOL_NAME": "South Denver Islamic Center",
        "SCHOOL_ADDRESS": "Greenwood Village, CO 80155",
        "city": "Green Wood",
        "state": "Colorado",
        "ZIP_CODE": 80155,
        "phone": "720-772-7342",
        "website": "https://www.khadeejah.org/",
        "CONTACT_PERSON": "Mohammad Waseem Khan",
        "role": "President",
        "EMAIL_ADDRESS": "",
        "latitude": 39.5969612,
        "longitude": -104.8603104
    },
    {
        "SCHOOL_NAME": "Cresent View Academy",
        "SCHOOL_ADDRESS": "10958 E Bethany Dr, Aurora, CO 80014",
        "city": "Aurora",
        "state": "Colorado",
        "ZIP_CODE": 80014,
        "phone": "(303) 745-2245",
        "website": "http://crescentview.org/",
        "CONTACT_PERSON": "Iyad Wazwaz",
        "role": "Principal",
        "EMAIL_ADDRESS": "info@crescentview.org",
        "latitude": 39.6628965,
        "longitude": -104.8608766
    },
    {
        "SCHOOL_NAME": "Metropolitan Denver North Islamic Center",
        "SCHOOL_ADDRESS": "11141 Irma Dr, Northglenn, CO 80233",
        "city": "Northglenn",
        "state": "Colorado",
        "ZIP_CODE": 80233,
        "phone": "303-920-0252",
        "website": "www.masjidikhlas.org",
        "CONTACT_PERSON": "",
        "role": "",
        "EMAIL_ADDRESS": "ikhlasacademy@masjidikhlas.org",
        "latitude": 39.8982844,
        "longitude": -104.966958
    },
    {
        "SCHOOL_NAME": "Quba Masjid",
        "SCHOOL_ADDRESS": "Hayes, UK",
        "city": "Alameda",
        "state": "California",
        "ZIP_CODE": 94550,
        "phone": "44(0) 208 150 9299",
        "website": "https://www.qubamasjid.com/qubamadrasah/",
        "CONTACT_PERSON": "",
        "role": "",
        "EMAIL_ADDRESS": "info@qubamasjid.com",
        "latitude": 51.516758,
        "longitude": -0.436786
    },
    {
        "SCHOOL_NAME": "Masjid Al Taqwa",
        "SCHOOL_ADDRESS": "2181 Lake Ave, Altadena, CA 91001",
        "city": "Altadena",
        "state": "California",
        "ZIP_CODE": 91001,
        "phone": "310-904-9288",
        "website": "http://altaqwamasjid.com/",
        "CONTACT_PERSON": "Br. Mohammad Iqbal Lakhani",
        "role": "In Charge",
        "EMAIL_ADDRESS": "milakhani21@yahoo.com",
        "latitude": 34.1833803,
        "longitude": -118.1318577
    },
    {
        "SCHOOL_NAME": "The Islamic Center of Anaheim",
        "SCHOOL_ADDRESS": "1136 N Brookhurst St, Anaheim, CA 92801",
        "city": "Anaheim",
        "state": "California",
        "ZIP_CODE": 92801,
        "phone": "714-999-2800",
        "website": "https://www.aicpca.org/",
        "CONTACT_PERSON": "",
        "role": "",
        "EMAIL_ADDRESS": "info@aicpca.org",
        "latitude": 33.8486191,
        "longitude": -117.9588111
    },
    {
        "SCHOOL_NAME": "The Islamic education School (Ties with Islamic Center of Anaheim)",
        "SCHOOL_ADDRESS": "1136 N Brookhurst St, Anaheim, CA 92801",
        "city": "Anaheim",
        "state": "California",
        "ZIP_CODE": 92801,
        "phone": "714 999-2810",
        "website": "https://ties.aicpca.org/",
        "CONTACT_PERSON": "",
        "role": "",
        "EMAIL_ADDRESS": "ties@aicpca.org",
        "latitude": 33.8486191,
        "longitude": -117.9588111
    },
    {
        "SCHOOL_NAME": "The Islamic Shoura Council of Bakersfield",
        "SCHOOL_ADDRESS": "701 Ming Ave #146, Bakersfield, CA 93307",
        "city": "Bakersfield",
        "state": "California",
        "ZIP_CODE": 93307,
        "phone": "661-303-1543",
        "website": "http://www.iscob.org/school.html",
        "CONTACT_PERSON": "",
        "role": "",
        "EMAIL_ADDRESS": "info@iscob.org",
        "latitude": 35.3392281,
        "longitude": -119.0101214
    },
    {
        "SCHOOL_NAME": "Al-Iman Sunday School (Yassen Foundation)",
        "SCHOOL_ADDRESS": "1722 Gilbreth Rd, Burlingame, CA 94010",
        "city": "Belmont",
        "state": "California",
        "ZIP_CODE": 94002,
        "phone": "650-797-0681",
        "website": "https://www.yaseen.org/programs/al-iman-school",
        "CONTACT_PERSON": "",
        "role": "Principal",
        "EMAIL_ADDRESS": "principal@alimanislamicschool.org",
        "latitude": 37.599325,
        "longitude": -122.3740648
    },
    {
        "SCHOOL_NAME": "Brentwood Muslim Community Center - (Weekend School)",
        "SCHOOL_ADDRESS": "7701 Lone Tree Wy, Brentwood, CA 94513",
        "city": "Brentwood",
        "state": "California",
        "ZIP_CODE": 94513,
        "phone": "925-298-2622",
        "website": "https://brmcc.org/#",
        "CONTACT_PERSON": "Fahim Choudhary",
        "role": "In Charge",
        "EMAIL_ADDRESS": "info@brmcc.org",
        "latitude": 37.9612158,
        "longitude": -121.7105947
    },
    {
        "SCHOOL_NAME": "Hikmah School (Brentwood Muslim Community Center)",
        "SCHOOL_ADDRESS": "7701 Lone Tree Wy, Brentwood, CA 94513",
        "city": "Brentwood",
        "state": "California",
        "ZIP_CODE": 94513,
        "phone": "925-298-2622",
        "website": "https://hikmahschool.com/",
        "CONTACT_PERSON": "Fahim Choudhary",
        "role": "In Charge",
        "EMAIL_ADDRESS": "info@hikmahschool.com",
        "latitude": 37.9612158,
        "longitude": -121.7105947
    },
    {
        "SCHOOL_NAME": "Darul Islam",
        "SCHOOL_ADDRESS": "2449 Buena Vista Ave, Walnut Creek, CA 94597",
        "city": "Walnut Creek",
        "state": "California",
        "ZIP_CODE": 94597,
        "phone": "925-482-0077",
        "website": "https://www.darulislam.org/sunday-school/",
        "CONTACT_PERSON": "",
        "role": "",
        "EMAIL_ADDRESS": "school@darulislam.org",
        "latitude": 37.9135327,
        "longitude": -122.0732028
    },
    {
        "SCHOOL_NAME": "Islamic Education Center of Orange County",
        "SCHOOL_ADDRESS": "3194 Airport Loop Dr b, Costa Mesa, CA 92626",
        "city": "Costa Mesa",
        "state": "California",
        "ZIP_CODE": 92626,
        "phone": "714-432-0060",
        "website": "https://iecoc.org/school/",
        "CONTACT_PERSON": "Dr. Sayed Moustafa al-Qazwini",
        "role": "Founder",
        "EMAIL_ADDRESS": "info@iecoc.org",
        "latitude": 33.6842713,
        "longitude": -117.8667285
    },
    {
        "SCHOOL_NAME": "Prime Years Academy",
        "SCHOOL_ADDRESS": "495 Santana Way, Corona, CA 92881",
        "city": "Corona",
        "state": "California",
        "ZIP_CODE": 92881,
        "phone": "951-561-3643",
        "website": "https://www.primeyearsacademy.com",
        "CONTACT_PERSON": "",
        "role": "",
        "EMAIL_ADDRESS": "director.primeyears@yahoo.com",
        "latitude": 33.8511327,
        "longitude": -117.5618038
    },
    {
        "SCHOOL_NAME": "ISCN Learning Center",
        "SCHOOL_ADDRESS": "495 Santana Way, Corona, CA 92881",
        "city": "Corona",
        "state": "California",
        "ZIP_CODE": 92881,
        "phone": "951-264-6739",
        "website": "https://www.tlc-corona.org/",
        "CONTACT_PERSON": "Ms. Aniqa Janjua",
        "role": "School Director & Principal",
        "EMAIL_ADDRESS": "schooldirector.tlc@gmail.com​",
        "latitude": 33.8511327,
        "longitude": -117.5618038
    },
    {
        "SCHOOL_NAME": "Islamic Society of Folsom",
        "SCHOOL_ADDRESS": "1835 Prairie City Rd, Folsom, CA 95630",
        "city": "Folsom",
        "state": "California",
        "ZIP_CODE": 95630,
        "phone": "(916)294-3047",
        "website": "http://masjidbilal.com",
        "CONTACT_PERSON": "Dr. Dale Hamad",
        "role": "In Charge",
        "EMAIL_ADDRESS": "",
        "latitude": 38.6523393,
        "longitude": -121.1656249
    },
    {
        "SCHOOL_NAME": "Sunday School - Islamic Society of East Bay",
        "SCHOOL_ADDRESS": "33330 Peace Terrace, Fremont, CA 94555",
        "city": "Fremont",
        "state": "California",
        "ZIP_CODE": 94555,
        "phone": "408 309 3798",
        "website": "http://sundayschooliseb.com/",
        "CONTACT_PERSON": "",
        "role": "",
        "EMAIL_ADDRESS": "sundayschooliseb@sundayschooliseb.com",
        "latitude": 37.5808282,
        "longitude": -122.0547467
    },
    {
        "SCHOOL_NAME": "Sunday Islamic School of Fremont",
        "SCHOOL_ADDRESS": "42412 Albrae St, Fremont, CA 94538",
        "city": "Fremont",
        "state": "California",
        "ZIP_CODE": 94538,
        "phone": "408-309-3798",
        "website": "https://sites.google.com/sisfonline.com/home/",
        "CONTACT_PERSON": "Mr. Imtiaz",
        "role": "Principal",
        "EMAIL_ADDRESS": "imtiaz622@gmail.com",
        "latitude": 37.5093342,
        "longitude": -121.9718158
    },
    {
        "SCHOOL_NAME": "Masjid Fresno Islamic Center",
        "SCHOOL_ADDRESS": "2111 E Shaw Ave, Fresno, CA 93710",
        "city": "Fresno",
        "state": "California",
        "ZIP_CODE": 93710,
        "phone": "559-222-6686",
        "website": "https://www.masjidfresno.org/",
        "CONTACT_PERSON": "Seikh Ramadan",
        "role": "Imam",
        "EMAIL_ADDRESS": "sheikhramadan@gmail.com",
        "latitude": 36.808313,
        "longitude": -119.7517292
    },
    {
        "SCHOOL_NAME": "Masjid Badr Sierra Community Center",
        "SCHOOL_ADDRESS": "7150 N Milburn Ave, Fresno, CA 93722",
        "city": "Fresno",
        "state": "California",
        "ZIP_CODE": 93722,
        "phone": "559-478-7721",
        "website": "https://www.masjidbadr.org/",
        "CONTACT_PERSON": "",
        "role": "",
        "EMAIL_ADDRESS": "info@masjidbadr.org",
        "latitude": 36.83916420000001,
        "longitude": -119.8783564
    },
    {
        "SCHOOL_NAME": "Islamic Center of Hawthorne",
        "SCHOOL_ADDRESS": "12209 Hawthorne Way, Hawthorne, CA 90250",
        "city": "Hawthorne",
        "state": "California",
        "ZIP_CODE": 90250,
        "phone": "310-973-8000",
        "website": "https://ichla.org/services/weekend-school/",
        "CONTACT_PERSON": "",
        "role": "",
        "EMAIL_ADDRESS": "ichsaturdayschool@yahoo.com",
        "latitude": 33.921749,
        "longitude": -118.3538195
    },
    {
        "SCHOOL_NAME": "Islamic Center of Irvine",
        "SCHOOL_ADDRESS": "2 Truman St, Irvine, CA 92620",
        "city": "Irvine",
        "state": "California",
        "ZIP_CODE": 92620,
        "phone": "949-336-3977",
        "website": "https://www.icoi.net/aim-weekend-school/",
        "CONTACT_PERSON": "Ms. Mehnaz Piracha",
        "role": "Director",
        "EMAIL_ADDRESS": "ws@icoi.net",
        "latitude": 33.6964995,
        "longitude": -117.765507
    },
    {
        "SCHOOL_NAME": "Masjid Madera",
        "SCHOOL_ADDRESS": "16634 Rd 26, Madera, CA 93638",
        "city": "Madera",
        "state": "California",
        "ZIP_CODE": 93638,
        "phone": "(559) 885-3400",
        "website": "http://www.masjidmadera.com",
        "CONTACT_PERSON": "Abdullah",
        "role": "In Charge",
        "EMAIL_ADDRESS": "masjidmadera@gmail.com",
        "latitude": 36.9910784,
        "longitude": -120.0746963
    },
    {
        "SCHOOL_NAME": "Masjid Darus Salam",
        "SCHOOL_ADDRESS": "374 Turquoise St, Milpitas, CA 95035",
        "city": "Milpitas",
        "state": "California",
        "ZIP_CODE": 95035,
        "phone": "408-786-9658",
        "website": "https://alhilaal.org",
        "CONTACT_PERSON": "",
        "role": "",
        "EMAIL_ADDRESS": "info@alhilaal.org",
        "latitude": 37.42669,
        "longitude": -121.8961936
    },
    {
        "SCHOOL_NAME": "Orange County Islamic Foundation",
        "SCHOOL_ADDRESS": "23581 Madero #101, Mission Viejo, CA 92691",
        "city": "Mission Viejo",
        "state": "California",
        "ZIP_CODE": 92691,
        "phone": "(949) 595-0480",
        "website": "https://www.ocif.org/weekend-school-2/",
        "CONTACT_PERSON": "",
        "role": "",
        "EMAIL_ADDRESS": "admin@ocif.org",
        "latitude": 33.6205731,
        "longitude": -117.6758662
    },
    {
        "SCHOOL_NAME": "Al Nur Islamic Center",
        "SCHOOL_ADDRESS": "Palo Verde professional building, 4959 Palo Verde St 205 c, Montclair, CA 91763",
        "city": "Montclair",
        "state": "California",
        "ZIP_CODE": 91763,
        "phone": "626-378-8156",
        "website": "https://www.alnuric.org/",
        "CONTACT_PERSON": "",
        "role": "",
        "EMAIL_ADDRESS": "admin@alnooric.org",
        "latitude": 34.0809153,
        "longitude": -117.6967865
    },
    {
        "SCHOOL_NAME": "Mus'ab Ibn Umayr School",
        "SCHOOL_ADDRESS": "2700 Borchard Rd, Thousand Oaks, CA 91320",
        "city": "Newbury",
        "state": "California",
        "ZIP_CODE": 91320,
        "phone": "805-499-2106",
        "website": "https://iccv.org/miu-school",
        "CONTACT_PERSON": "Imam Muhammed Shoayb Mehtar",
        "role": "Principal",
        "EMAIL_ADDRESS": "MIUschool@gmail.com",
        "latitude": 34.1784069,
        "longitude": -118.9334633
    },
    {
        "SCHOOL_NAME": "Islamic Center of Ventura County",
        "SCHOOL_ADDRESS": "271 Riverpark Blvd, Oxnard, CA 93036",
        "city": "Oxnard",
        "state": "California",
        "ZIP_CODE": 93036,
        "phone": "805-427-2081",
        "website": "https://icovc.org/classes/",
        "CONTACT_PERSON": "Br. Abul Saleh",
        "role": "Coordinator",
        "EMAIL_ADDRESS": "hasnatsaleh@ yahoo.com",
        "latitude": 34.2348802,
        "longitude": -119.1740305
    },
    {
        "SCHOOL_NAME": "MCC Sunday School (Muslim Community Center of East Bay)",
        "SCHOOL_ADDRESS": "5724 W Las Positas Blvd #300, Pleasanton, CA 94588",
        "city": "Pleasanton",
        "state": "California",
        "ZIP_CODE": 94588,
        "phone": "925 485 1786",
        "website": "https://www.mccsundayschool.org",
        "CONTACT_PERSON": "Shaima Rahmani",
        "role": "Principal",
        "EMAIL_ADDRESS": "principal@mccsundayschool.org. info@mccsundayschool.org",
        "latitude": 37.6855153,
        "longitude": -121.8911505
    },
    {
        "SCHOOL_NAME": "Ahlul Beyt Mosque",
        "SCHOOL_ADDRESS": "2155 Murchison Ave, Pomona, CA 91768",
        "city": "Pomona",
        "state": "California",
        "ZIP_CODE": 91768,
        "phone": "909-622-9158",
        "website": "https://www.ahlulbeyt.net/ahlul-beyt-school/",
        "CONTACT_PERSON": "",
        "role": "",
        "EMAIL_ADDRESS": "",
        "latitude": 34.0717853,
        "longitude": -117.7901775
    },
    {
        "SCHOOL_NAME": "Islamic Center of South Bay",
        "SCHOOL_ADDRESS": "25816 Walnut St, Lomita, CA 90717",
        "city": "Lomita",
        "state": "California",
        "ZIP_CODE": 90717,
        "phone": "(310) 534-1363",
        "website": "https://masjidalnoor.org/alnoor-islamic-weekend-school/",
        "CONTACT_PERSON": "Qari Anas Daghameen",
        "role": "Imam",
        "EMAIL_ADDRESS": "imamanas@masjidalnoor.org",
        "latitude": 33.788886,
        "longitude": -118.311697
    },
    {
        "SCHOOL_NAME": "Islamic Center of Southern California",
        "SCHOOL_ADDRESS": "434 S Vermont Ave, Los Angeles, CA 90020",
        "city": "Los Angeles",
        "state": "California",
        "ZIP_CODE": 90020,
        "phone": "213 382 9200",
        "website": "https://www.islamiccenter.com/",
        "CONTACT_PERSON": "Hadir Elsayad",
        "role": "Head of Sunday School",
        "EMAIL_ADDRESS": "sundayschool@islamiccenter.com",
        "latitude": 34.0664608,
        "longitude": -118.2912604
    },
    {
        "SCHOOL_NAME": "Masjid Annur Islamic Center",
        "SCHOOL_ADDRESS": "6990 65th St, Sacramento, CA 95823",
        "city": "Sacramento",
        "state": "California",
        "ZIP_CODE": 95828,
        "phone": "(916) 392 6687",
        "website": "https://www.masjidannur.com/services/annur-sunday-school",
        "CONTACT_PERSON": "",
        "role": "",
        "EMAIL_ADDRESS": "EducationDirector@masjidannur.com",
        "latitude": 38.499308,
        "longitude": -121.4380799
    },
    {
        "SCHOOL_NAME": "Islamic Center of Riverside",
        "SCHOOL_ADDRESS": "1038 W Linden St, Riverside, CA 92507",
        "city": "Riverside",
        "state": "California",
        "ZIP_CODE": 92507,
        "phone": "(951) 732-7641",
        "website": "https://www.islamiccenterofriverside.net/sunday-school",
        "CONTACT_PERSON": "",
        "role": "",
        "EMAIL_ADDRESS": "Info@masjidriverside.org",
        "latitude": 33.9781403,
        "longitude": -117.3342403
    },
    {
        "SCHOOL_NAME": "Islamic Center of San Gabriel Valley",
        "SCHOOL_ADDRESS": "19164 E Walnut Dr N, Rowland Heights, CA 91748",
        "city": "Rowland Heights",
        "state": "California",
        "ZIP_CODE": 91746,
        "phone": "626 964 3596",
        "website": "https://www.icsgv.com/weekend-islamic-school/",
        "CONTACT_PERSON": "Rashed Mohammadi",
        "role": "Principal",
        "EMAIL_ADDRESS": "administration@icsgv.com",
        "latitude": 33.9953969,
        "longitude": -117.8843317
    },
    {
        "SCHOOL_NAME": "Salam Weekend School (Sacramento Area League of Associated Muslims)",
        "SCHOOL_ADDRESS": "Salam Center Mosque, 4545 College Oak Dr, Sacramento, CA 95841",
        "city": "Sacramento",
        "state": "California",
        "ZIP_CODE": 95841,
        "phone": "916-979-1933 Ext 3",
        "website": "https://salamcenter.org/salam-weekend-school/",
        "CONTACT_PERSON": "Ossama Elsebai",
        "role": "Facility Director",
        "EMAIL_ADDRESS": "facilitiesdirector@salamcenter.org",
        "latitude": 38.6473778,
        "longitude": -121.3512147
    },
    {
        "SCHOOL_NAME": "Islamic Center of Reseda",
        "SCHOOL_ADDRESS": "18206 Victory Blvd, Tarzana, CA 91335",
        "city": "Reseda",
        "state": "California",
        "ZIP_CODE": 91335,
        "phone": "818-697-2990",
        "website": "https://islamiccenterofreseda.com/weekend-school/",
        "CONTACT_PERSON": "Sis. Shirin Karoon",
        "role": "Principal",
        "EMAIL_ADDRESS": "icreseda1@aol.com",
        "latitude": 34.1862531,
        "longitude": -118.5297453
    },
    {
        "SCHOOL_NAME": "Islamic Center od San Francisco",
        "SCHOOL_ADDRESS": "400 Crescent Ave, San Francisco, CA 94110",
        "city": "Sanfrancisco",
        "state": "California",
        "ZIP_CODE": 94110,
        "phone": "415.624.3754",
        "website": "https://www.icofsf.org",
        "CONTACT_PERSON": "",
        "role": "",
        "EMAIL_ADDRESS": "icofsf@gmail.com",
        "latitude": 37.7347493,
        "longitude": -122.4167073
    },
    {
        "SCHOOL_NAME": "Islamic education Center of San Diago",
        "SCHOOL_ADDRESS": "8977 Activity Rd #103, San Diego, CA 92126",
        "city": "San Diago",
        "state": "California",
        "ZIP_CODE": 92126,
        "phone": "858-689-8888",
        "website": "http://www.iecsd.com",
        "CONTACT_PERSON": "",
        "role": "",
        "EMAIL_ADDRESS": "Imam@Iecsd.com",
        "latitude": 32.8959802,
        "longitude": -117.132499
    },
    {
        "SCHOOL_NAME": "Al Rashid School (Islamic Center of San Diago)",
        "SCHOOL_ADDRESS": "7050 Eckstrom Ave, San Diego, CA 92111",
        "city": "San Diago",
        "state": "California",
        "ZIP_CODE": 92111,
        "phone": "858-278-5240",
        "website": "https://www.icsd.org/al-rashid-school.html",
        "CONTACT_PERSON": "",
        "role": "",
        "EMAIL_ADDRESS": "admin@alrashid.icsd.org",
        "latitude": 32.82058420000001,
        "longitude": -117.1654905
    },
    {
        "SCHOOL_NAME": "Noor Al Islam School (Masjid Noor Al Islam)",
        "SCHOOL_ADDRESS": "118 Jones St, San Francisco, CA 94102",
        "city": "San Francisco",
        "state": "California",
        "ZIP_CODE": 94102,
        "phone": "(415) 292-9709",
        "website": "https://www.alsabeel.org/",
        "CONTACT_PERSON": "",
        "role": "",
        "EMAIL_ADDRESS": "alsabeel@alsabeel.org",
        "latitude": 37.7824221,
        "longitude": -122.4120614
    },
    {
        "SCHOOL_NAME": "Mosque of San Gabriel",
        "SCHOOL_ADDRESS": "1301 E Las Tunas Dr, San Gabriel, CA 91776",
        "city": "San Gabriel",
        "state": "California",
        "ZIP_CODE": 91775,
        "phone": "(626) 285-2697",
        "website": "https://www.masjidgibrael.org/sunday-school/",
        "CONTACT_PERSON": "",
        "role": "",
        "EMAIL_ADDRESS": "masjidgibrael1301@gmail.com",
        "latitude": 34.1040863,
        "longitude": -118.0793922
    },
    {
        "SCHOOL_NAME": "SAB Sunday School (Saba islamic center)",
        "SCHOOL_ADDRESS": "4415 Fortran Ct, San Jose, CA 95134",
        "city": "San Jose",
        "state": "California",
        "ZIP_CODE": 95134,
        "phone": "(408) 946-5700",
        "website": "https://www.saba-igc.org/",
        "CONTACT_PERSON": "Dr. Nabi Raza Abidi",
        "role": "School Admin",
        "EMAIL_ADDRESS": "sab-admin@saba-igc.org",
        "latitude": 37.421049,
        "longitude": -121.9581482
    },
    {
        "SCHOOL_NAME": "Alqarawiyyeen Schools (Blossom Valley Muslim Community Center)",
        "SCHOOL_ADDRESS": "5885 Santa Teresa Blvd #113, San Jose, CA 95123",
        "city": "San Jose",
        "state": "California",
        "ZIP_CODE": 95123,
        "phone": "408-588-1717",
        "website": "https://www.bvmcc.org",
        "CONTACT_PERSON": "",
        "role": "School",
        "EMAIL_ADDRESS": "Info@alqarawiyyeenschools.com",
        "latitude": 37.2358679,
        "longitude": -121.8317751
    },
    {
        "SCHOOL_NAME": "South Bay Islamic Association",
        "SCHOOL_ADDRESS": "2345 Harris Way, San Jose, CA 95131",
        "city": "San Jose",
        "state": "California",
        "ZIP_CODE": 95131,
        "phone": "",
        "website": "https://sbia.info/",
        "CONTACT_PERSON": "",
        "role": "School",
        "EMAIL_ADDRESS": "sbiais@sbia.info",
        "latitude": 37.4029415,
        "longitude": -121.9052798
    },
    {
        "SCHOOL_NAME": "South Valley Islamic Center",
        "SCHOOL_ADDRESS": "40 E 4th St, Morgan Hill, CA 95037",
        "city": "Morgan Hill",
        "state": "California",
        "ZIP_CODE": 95037,
        "phone": "",
        "website": "https://svic.org/islamic-school/",
        "CONTACT_PERSON": "",
        "role": "",
        "EMAIL_ADDRESS": "svic@svic.org",
        "latitude": 37.1274108,
        "longitude": -121.6508407
    },
    {
        "SCHOOL_NAME": "San Ramon Valley Islamic Center",
        "SCHOOL_ADDRESS": "2232 Camino Ramon, San Ramon, CA 94583",
        "city": "San Ramon",
        "state": "California",
        "ZIP_CODE": 94583,
        "phone": "925-380-6432",
        "website": "https://srvic.org/islamic-school/",
        "CONTACT_PERSON": "Nasira Sharieff",
        "role": "",
        "EMAIL_ADDRESS": "hasiba@SRVIC.org",
        "latitude": 37.77678700000001,
        "longitude": -121.969178
    },
    {
        "SCHOOL_NAME": "Imammia Education Center",
        "SCHOOL_ADDRESS": "Santa Ana, CA 92705",
        "city": "Santa Ana",
        "state": "California",
        "ZIP_CODE": 92705,
        "phone": "(714) 524-5580",
        "website": "https://www.imamia.org",
        "CONTACT_PERSON": "",
        "role": "",
        "EMAIL_ADDRESS": "aamithani@yahoo.com",
        "latitude": 33.7532358,
        "longitude": -117.7901088
    },
    {
        "SCHOOL_NAME": "Islamic Society of Santa Barbara",
        "SCHOOL_ADDRESS": "302 N Los Carneros Rd, Goleta, CA 93117",
        "city": "Goleta",
        "state": "California",
        "ZIP_CODE": 93117,
        "phone": "805-317-4277",
        "website": "https://islamsb.org/take-a-class/",
        "CONTACT_PERSON": "",
        "role": "",
        "EMAIL_ADDRESS": "contactissb@gmail.com",
        "latitude": 34.4405145,
        "longitude": -119.8524553
    },
    {
        "SCHOOL_NAME": "Muslim Community Association",
        "SCHOOL_ADDRESS": "3003 Scott Blvd, Santa Clara, CA 95054",
        "city": "Santa Clara",
        "state": "California",
        "ZIP_CODE": 95054,
        "phone": "(408) 727-7277 ext 413",
        "website": "https://mcabayarea.org/weekend-islamic-school/",
        "CONTACT_PERSON": "",
        "role": "",
        "EMAIL_ADDRESS": "wis@mcabayarea.org",
        "latitude": 37.3771804,
        "longitude": -121.9592202
    },
    {
        "SCHOOL_NAME": "Islamic Center of Temecula Valley",
        "SCHOOL_ADDRESS": "31061 Nicolas Rd, Temecula, CA 92591",
        "city": "Temecula",
        "state": "California",
        "ZIP_CODE": 92591,
        "phone": "(888) 232-2288",
        "website": "https://icotv.org/",
        "CONTACT_PERSON": "Br. Bahjat Akari",
        "role": "Education Comitee Chairperson",
        "EMAIL_ADDRESS": "education@icotv.org",
        "latitude": 33.541633,
        "longitude": -117.1171539
    },
    {
        "SCHOOL_NAME": "Tracy Islamic Center",
        "SCHOOL_ADDRESS": "11970 W Larch Rd, Tracy, CA 95304",
        "city": "Tracy",
        "state": "California",
        "ZIP_CODE": 95304,
        "phone": "209-830-6286",
        "website": "https://www.tracyislamiccenter.org/services/sunday-school/",
        "CONTACT_PERSON": "",
        "role": "",
        "EMAIL_ADDRESS": "school@tracyislamiccenter.org",
        "latitude": 37.7647205,
        "longitude": -121.4526259
    },
    {
        "SCHOOL_NAME": "Jafaria Islamic Society",
        "SCHOOL_ADDRESS": "1546 E La Palma Ave, Anaheim, CA 92805",
        "city": "Anaheim",
        "state": "California",
        "ZIP_CODE": 92805,
        "phone": "323-854-6122",
        "website": "https://jafaria.org/school/",
        "CONTACT_PERSON": "Musawir Jafri",
        "role": "",
        "EMAIL_ADDRESS": "info@jafaria.org",
        "latitude": 33.8469865,
        "longitude": -117.8956438
    },
    {
        "SCHOOL_NAME": "Darul Falah Islamic Center",
        "SCHOOL_ADDRESS": "14712 Bentley Cir, Tustin, CA 92780",
        "city": "Tustin",
        "state": "California",
        "ZIP_CODE": 92780,
        "phone": "949-466-2740",
        "website": "https://tustinmasjid.com/",
        "CONTACT_PERSON": "",
        "role": "",
        "EMAIL_ADDRESS": "dufprograms@gmail.com",
        "latitude": 33.7140841,
        "longitude": -117.8071921
    },
    {
        "SCHOOL_NAME": "Islamic Community of Slinas",
        "SCHOOL_ADDRESS": "35 W Market St, Salinas, CA 93901",
        "city": "Salinas",
        "state": "California",
        "ZIP_CODE": 93901,
        "phone": "831-272-4885",
        "website": "https://www.icsalinas.org/school",
        "CONTACT_PERSON": "",
        "role": "",
        "EMAIL_ADDRESS": "imam@icsalinas.org",
        "latitude": 36.6778255,
        "longitude": -121.6570651
    },
    {
        "SCHOOL_NAME": "Islamic Association of Greater Hartford Weekend School (Berlin Mosque)",
        "SCHOOL_ADDRESS": "1781 Wilbur Cross Hwy, Berlin, CT 06037",
        "city": "Berlin",
        "state": "Connecticut",
        "ZIP_CODE": 6037,
        "phone": "860-829-6411",
        "website": "https://www.berlinmosque.org/sunday-school/",
        "CONTACT_PERSON": "",
        "role": "",
        "EMAIL_ADDRESS": "iaghweekendschool@gmail.com",
        "latitude": 41.6031877,
        "longitude": -72.75150769999999
    },
    {
        "SCHOOL_NAME": "Bridgeport Islamic Community Center",
        "SCHOOL_ADDRESS": "703 State St, Bridgeport, CT 06604",
        "city": "Bridgeport",
        "state": "Connecticut",
        "ZIP_CODE": 6604,
        "phone": "(203)870-1729",
        "website": "https://www.mybicc.org/",
        "CONTACT_PERSON": "",
        "role": "",
        "EMAIL_ADDRESS": "education@mybicc.org",
        "latitude": 41.1736787,
        "longitude": -73.19816039999999
    },
    {
        "SCHOOL_NAME": "Clara Muhammad School (Muhammad Islamic Center of Greater Hartford)",
        "SCHOOL_ADDRESS": "155 Hungerford St, Hartford, CT 06106",
        "city": "hartford",
        "state": "Connecticut",
        "ZIP_CODE": 6106,
        "phone": "(860) 728 8646",
        "website": "https://micgh.org",
        "CONTACT_PERSON": "",
        "role": "",
        "EMAIL_ADDRESS": "taqwanct@aol.com",
        "latitude": 41.7590712,
        "longitude": -72.6860465
    },
    {
        "SCHOOL_NAME": "Islamic Center of Conneticut",
        "SCHOOL_ADDRESS": "140 White Rock Dr, Windsor, CT 06095",
        "city": "Windsor",
        "state": "Connecticut",
        "ZIP_CODE": 6095,
        "phone": "1-844-623-4621",
        "website": "http://icct.org/sunday-school/",
        "CONTACT_PERSON": "Muhammad Suleiman",
        "role": "Principal",
        "EMAIL_ADDRESS": "sundayschool@icct.org",
        "latitude": 41.8117101,
        "longitude": -72.67133559999999
    },
    {
        "SCHOOL_NAME": "The Islamic Association of Central Connecticut",
        "SCHOOL_ADDRESS": "100 Arch St, New Britain, CT 06051",
        "city": "New Britain",
        "state": "Connecticut",
        "ZIP_CODE": 6051,
        "phone": "1 860-348-5733",
        "website": "https://taqwact.org/services/weekend-school/",
        "CONTACT_PERSON": "",
        "role": "",
        "EMAIL_ADDRESS": "info@taqwact.org",
        "latitude": 41.6642736,
        "longitude": -72.7819811
    },
    {
        "SCHOOL_NAME": "Stamford Islamic Center",
        "SCHOOL_ADDRESS": "379 West Ave, Stamford, CT 06902",
        "city": "Stamform",
        "state": "Connecticut",
        "ZIP_CODE": 6902,
        "phone": "203-504-2800",
        "website": "http://stamfordislamiccenter.com",
        "CONTACT_PERSON": "",
        "role": "",
        "EMAIL_ADDRESS": "info@stamfordislamiccenter.com",
        "latitude": 41.0408968,
        "longitude": -73.5593668
    },
    {
        "SCHOOL_NAME": "Masjid Al Mustafa",
        "SCHOOL_ADDRESS": "95 Schraffts Dr, Waterbury, CT 06705",
        "city": "Waterbury",
        "state": "Connecticut",
        "ZIP_CODE": 6705,
        "phone": "(203) 597-7676",
        "website": "https://www.iasconnect.org",
        "CONTACT_PERSON": "",
        "role": "",
        "EMAIL_ADDRESS": "masjid_almustafa@att.net",
        "latitude": 41.541141,
        "longitude": -72.990686
    },
    {
        "SCHOOL_NAME": "New Haven Islamic Center",
        "SCHOOL_ADDRESS": "254 Bull Hill Ln, Orange, CT 06477",
        "city": "Orange",
        "state": "Connecticut",
        "ZIP_CODE": 6577,
        "phone": "203-933-5799",
        "website": "https://www.nhicct.org/",
        "CONTACT_PERSON": "",
        "role": "",
        "EMAIL_ADDRESS": "info@nhicct.org",
        "latitude": 41.2737505,
        "longitude": -72.9884464
    },
    {
        "SCHOOL_NAME": "Childern Educational Program (Islamic Society of Central Delawere)",
        "SCHOOL_ADDRESS": "777 S Little Creek Rd, Dover, DE 19901",
        "city": "Dover",
        "state": "Delawere",
        "ZIP_CODE": 19901,
        "phone": "302-943-3659",
        "website": "https://cepdelaware.com/",
        "CONTACT_PERSON": "Muniza Iftekhar",
        "role": "Incharge",
        "EMAIL_ADDRESS": "cep.delaware@gmail.com",
        "latitude": 39.1590089,
        "longitude": -75.5067875
    },
    {
        "SCHOOL_NAME": "Islamic Society of Delawere (Masjid Ibrahim)",
        "SCHOOL_ADDRESS": "28 Salem Church Rd, Newark, DE 19713",
        "city": "Newark",
        "state": "Delawere",
        "ZIP_CODE": 19713,
        "phone": "302-733-0373 Ext 8",
        "website": "https://www.isdonline.org/sunday-school",
        "CONTACT_PERSON": "Br. Emad Ahmed",
        "role": "Incharge",
        "EMAIL_ADDRESS": "sundayschool@isdonline.org",
        "latitude": 39.6758791,
        "longitude": -75.6961224
    },
    {
        "SCHOOL_NAME": "First Hijrah Foundation",
        "SCHOOL_ADDRESS": "4324 Georgia Ave NW, Washington, DC 20011",
        "city": "Washington",
        "state": "District of Columbia",
        "ZIP_CODE": 20011,
        "phone": "(202) 450-1163",
        "website": "https://firsthijrah.org",
        "CONTACT_PERSON": "",
        "role": "",
        "EMAIL_ADDRESS": "info@firsthijrah.org",
        "latitude": 38.943623,
        "longitude": -77.02625200000001
    },
    {
        "SCHOOL_NAME": "Islamic Center of Boca Raton",
        "SCHOOL_ADDRESS": "3480 NW 5th Ave, Boca Raton, FL 33431",
        "city": "Boca Raton",
        "state": "Florida",
        "ZIP_CODE": 33431,
        "phone": "561-395-7221",
        "website": "https://icbr.org/",
        "CONTACT_PERSON": "",
        "role": "",
        "EMAIL_ADDRESS": "masjid@icbr.org",
        "latitude": 26.381179,
        "longitude": -80.0929755
    },
    {
        "SCHOOL_NAME": "The Islamic Center of Daytona Beach",
        "SCHOOL_ADDRESS": "347 S Keech St, Daytona Beach, FL 32114",
        "city": "Daytona Beach",
        "state": "Florida",
        "ZIP_CODE": 32114,
        "phone": "(386) 252-3501",
        "website": "https://ic-db.weebly.com/",
        "CONTACT_PERSON": "Administrator",
        "role": "",
        "EMAIL_ADDRESS": "",
        "latitude": 29.2005636,
        "longitude": -81.03435689999999
    },
    {
        "SCHOOL_NAME": "Islamic Society of Central Florida",
        "SCHOOL_ADDRESS": "1586 N Goldenrod Rd, Orlando, FL 32807",
        "city": "Orlando",
        "state": "Florida",
        "ZIP_CODE": 32802,
        "phone": "407-273-8363",
        "website": "https://iscf.org/education/wize/",
        "CONTACT_PERSON": "",
        "role": "",
        "EMAIL_ADDRESS": "",
        "latitude": 28.5649273,
        "longitude": -81.2864005
    },
    {
        "SCHOOL_NAME": "Association of Islamic Charitable Projects",
        "SCHOOL_ADDRESS": "2820 Griffin Rd, Fort Lauderdale, FL 33312",
        "city": "Fort lauderdale",
        "state": "Florida",
        "ZIP_CODE": 33312,
        "phone": "(954) 986-1373",
        "website": "https://www.aicp.org/",
        "CONTACT_PERSON": "",
        "role": "",
        "EMAIL_ADDRESS": "",
        "latitude": 26.0620527,
        "longitude": -80.17937649999999
    },
    {
        "SCHOOL_NAME": "Masjid Al Iman",
        "SCHOOL_ADDRESS": "2542 Franklin Dr, Fort Lauderdale, FL 33311",
        "city": "Fort lauderdale",
        "state": "Florida",
        "ZIP_CODE": 33311,
        "phone": "1-954-581-6295",
        "website": "https://masjidaliman.com/",
        "CONTACT_PERSON": "",
        "role": "",
        "EMAIL_ADDRESS": "office@masjidaliman.com",
        "latitude": 26.1347264,
        "longitude": -80.17685209999999
    },
    {
        "SCHOOL_NAME": "Hoda Center",
        "SCHOOL_ADDRESS": "5220 SW 13th St, Gainesville, FL 32608",
        "city": "Gainesville",
        "state": "Florida",
        "ZIP_CODE": 32608,
        "phone": "1 352-377-8080",
        "website": "https://hodacenter.org/",
        "CONTACT_PERSON": "Administrator",
        "role": "",
        "EMAIL_ADDRESS": "hodacentersundayschool@gmail.com",
        "latitude": 29.6047666,
        "longitude": -82.342879
    },
    {
        "SCHOOL_NAME": "Islamic Jaffaria Association",
        "SCHOOL_ADDRESS": "10554 NW 132nd St, Hialeah, FL 33018",
        "city": "Hialeah Gardens",
        "state": "Florida",
        "ZIP_CODE": 33018,
        "phone": "305-557-6835",
        "website": "https://www.ijamiami.org/",
        "CONTACT_PERSON": "",
        "role": "",
        "EMAIL_ADDRESS": "taqi@ijamiami.org",
        "latitude": 25.8929451,
        "longitude": -80.3710411
    },
    {
        "SCHOOL_NAME": "Islamic Movement of Florida",
        "SCHOOL_ADDRESS": "3201 N 74th Way, Pembroke Pines, FL 33024",
        "city": "Hollywood",
        "state": "Florida",
        "ZIP_CODE": 33024,
        "phone": "(954) 894-9110",
        "website": "https://www.imof.org/",
        "CONTACT_PERSON": "",
        "role": "",
        "EMAIL_ADDRESS": "info@imof.org",
        "latitude": 26.0300561,
        "longitude": -80.23771409999999
    },
    {
        "SCHOOL_NAME": "Islamic Center of Northeast Florida",
        "SCHOOL_ADDRESS": "2333 St Johns Bluff Rd S, Jacksonville, FL 32246",
        "city": "Jacksonville",
        "state": "Florida",
        "ZIP_CODE": 32246,
        "phone": "904 646 3462",
        "website": "https://icnef.org/",
        "CONTACT_PERSON": "",
        "role": "",
        "EMAIL_ADDRESS": "info@icnef.org",
        "latitude": 30.3075837,
        "longitude": -81.52516349999999
    },
    {
        "SCHOOL_NAME": "Masjid Taqwa",
        "SCHOOL_ADDRESS": "2417 N Central Ave, Kissimmee, FL 34741",
        "city": "Kissimmee",
        "state": "Florida",
        "ZIP_CODE": 34741,
        "phone": "321-219-7869",
        "website": "https://masjidtaqwa.org/",
        "CONTACT_PERSON": "",
        "role": "",
        "EMAIL_ADDRESS": "info@masjidtaqwa.org",
        "latitude": 28.318038,
        "longitude": -81.4086336
    },
    {
        "SCHOOL_NAME": "Masjid As-Sunnah",
        "SCHOOL_ADDRESS": "1535 S Hoagland Blvd, Kissimmee, FL 34741",
        "city": "Kissimmee",
        "state": "Florida",
        "ZIP_CODE": 34746,
        "phone": "407-935-0337",
        "website": "https://masjidassunnah-fl.com/",
        "CONTACT_PERSON": "",
        "role": "",
        "EMAIL_ADDRESS": "webmaster@masjidassunnah-fl.com",
        "latitude": 28.2639774,
        "longitude": -81.4357119
    },
    {
        "SCHOOL_NAME": "Islamic Sunday School at Islamic Center of Greater Miami",
        "SCHOOL_ADDRESS": "4305 NW 183rd St, Miami Gardens, FL 33055",
        "city": "Miami Gardens",
        "state": "Florida",
        "ZIP_CODE": 33055,
        "phone": "(305) 624‑5555",
        "website": "https://www.sundayschoolaticgm.com/",
        "CONTACT_PERSON": "",
        "role": "",
        "EMAIL_ADDRESS": "sundayschool.icgm@gmail.com",
        "latitude": 25.9408164,
        "longitude": -80.2718992
    },
    {
        "SCHOOL_NAME": "Islamic Center of Orange park",
        "SCHOOL_ADDRESS": "158 College Dr, Orange Park, FL 32065",
        "city": "Orange Park",
        "state": "Florida",
        "ZIP_CODE": 32065,
        "phone": "(904) 330 4847",
        "website": "https://icopfl.org/",
        "CONTACT_PERSON": "",
        "role": "",
        "EMAIL_ADDRESS": "icopfl786@gmail.com",
        "latitude": 30.1276717,
        "longitude": -81.7757756
    },
    {
        "SCHOOL_NAME": "Islamic Center of Orlando",
        "SCHOOL_ADDRESS": "11543 Ruby Lake Rd, Orlando, FL 32836",
        "city": "Orlando",
        "state": "Florida",
        "ZIP_CODE": 32836,
        "phone": "689 280 4402",
        "website": "https://www.icorlando.org/",
        "CONTACT_PERSON": "",
        "role": "",
        "EMAIL_ADDRESS": "info@icorlando.org",
        "latitude": 28.3984454,
        "longitude": -81.5028205
    },
    {
        "SCHOOL_NAME": "Islamic Society of Pinellas County",
        "SCHOOL_ADDRESS": "Pinellas Park, FL 33780",
        "city": "Pinellas Park",
        "state": "Florida",
        "ZIP_CODE": 33780,
        "phone": "1 727-546-3162",
        "website": "https://ispc-fl.org/",
        "CONTACT_PERSON": "",
        "role": "",
        "EMAIL_ADDRESS": "info@ispc-fl.org",
        "latitude": 27.8428057,
        "longitude": -82.7055625
    },
    {
        "SCHOOL_NAME": "Nur Academy (Islamic Society of Sarasota Beadenton)",
        "SCHOOL_ADDRESS": "4350 N Lockwood Ridge Rd, Sarasota, FL 34235",
        "city": "Sarasota",
        "state": "Florida",
        "ZIP_CODE": 34234,
        "phone": "(941)-343-3038",
        "website": "https://nur-academy.org/",
        "CONTACT_PERSON": "",
        "role": "",
        "EMAIL_ADDRESS": "",
        "latitude": 27.3723722,
        "longitude": -82.50408949999999
    },
    {
        "SCHOOL_NAME": "Masjid Al Sunnah",
        "SCHOOL_ADDRESS": "2400 6th St S, St. Petersburg, FL 33705",
        "city": "St. Petesburg",
        "state": "Florida",
        "ZIP_CODE": 33705,
        "phone": "727 288 3636",
        "website": "https://isspmosque.com/",
        "CONTACT_PERSON": "",
        "role": "",
        "EMAIL_ADDRESS": "Info@arqamsacademy.com",
        "latitude": 27.7462998,
        "longitude": -82.6399307
    },
    {
        "SCHOOL_NAME": "Islamic Foundation of South Florida",
        "SCHOOL_ADDRESS": "5455 NW 108th Ave, Sunrise, FL 33351",
        "city": "Sunrise",
        "state": "Florida",
        "ZIP_CODE": 33351,
        "phone": "(954) 213-8897",
        "website": "https://ifsf.net/",
        "CONTACT_PERSON": "",
        "role": "",
        "EMAIL_ADDRESS": "",
        "latitude": 26.190879,
        "longitude": -80.2940936
    },
    {
        "SCHOOL_NAME": "Islamic Community of Tallahassee",
        "SCHOOL_ADDRESS": "3617 Old Bainbridge Rd, Tallahassee, FL 32303",
        "city": "Tallahasee",
        "state": "Florida",
        "ZIP_CODE": 32303,
        "phone": "(850) 514-0100",
        "website": "https://ictallahassee.org/",
        "CONTACT_PERSON": "",
        "role": "",
        "EMAIL_ADDRESS": "wist@ictallahassee.org",
        "latitude": 30.502387,
        "longitude": -84.3387782
    },
    {
        "SCHOOL_NAME": "Hifz Weekend School (Islamic Society of Tampa Bay)",
        "SCHOOL_ADDRESS": "7326 E Sligh Ave, Tampa, FL 33610",
        "city": "Tampa",
        "state": "Florida",
        "ZIP_CODE": 33610,
        "phone": "813-628–0020",
        "website": "https://www.istaba.org/",
        "CONTACT_PERSON": "Sr. Mariam Razak",
        "role": "",
        "EMAIL_ADDRESS": "mainoffice@istaba.org",
        "latitude": 28.0114183,
        "longitude": -82.37406879999999
    },
    {
        "SCHOOL_NAME": "Muslim Community of Palm Beach County",
        "SCHOOL_ADDRESS": "4893 Purdy Ln, West Palm Beach, FL 33415",
        "city": "West Paml Beach",
        "state": "Florida",
        "ZIP_CODE": 33415,
        "phone": "561-969-1584",
        "website": "https://mcpbc.org/",
        "CONTACT_PERSON": "Imam",
        "role": "",
        "EMAIL_ADDRESS": "imam@mcpbc.org",
        "latitude": 26.6449815,
        "longitude": -80.119384
    },
    {
        "SCHOOL_NAME": "Hamza Islamic Center",
        "SCHOOL_ADDRESS": "665 Tidwell Rd, Alpharetta, GA 30004",
        "city": "Alpharetta",
        "state": "Georgia",
        "ZIP_CODE": 30004,
        "phone": "(770) 558-3519",
        "website": "https://www.masjidhamzah.com/",
        "CONTACT_PERSON": "Umar Mohamed Ibrahim",
        "role": "General Secretary",
        "EMAIL_ADDRESS": "GeneralSecretary@masjidhamzah.com",
        "latitude": 34.1173535,
        "longitude": -84.2485897
    },
    {
        "SCHOOL_NAME": "Masjid Al-Taqwa",
        "SCHOOL_ADDRESS": "2680 Golfside Rd, Ann Arbor, MI 48108",
        "city": "Ann Arbor",
        "state": "Michigan",
        "ZIP_CODE": 48108,
        "phone": "(734)-829-8380",
        "website": "https://masjidattaqwa.org/",
        "CONTACT_PERSON": "Seikh Ahmed",
        "role": "In Charge",
        "EMAIL_ADDRESS": "Masjidattaqwaaa@gmail.com",
        "latitude": 42.2491593,
        "longitude": -83.66134629999999
    },
    {
        "SCHOOL_NAME": "Dar-un-Noor Sunday School",
        "SCHOOL_ADDRESS": "434 14th St NW, Atlanta, GA 30318",
        "city": "Atlanta",
        "state": "Georgia",
        "ZIP_CODE": 30318,
        "phone": "404-454-5500",
        "website": "https://dunsundayschool.wordpress.com/",
        "CONTACT_PERSON": "Principal",
        "role": "",
        "EMAIL_ADDRESS": "dunsundayschool@yahoo.com",
        "latitude": 33.7852811,
        "longitude": -84.4014297
    },
    {
        "SCHOOL_NAME": "Masjid Quba",
        "SCHOOL_ADDRESS": "at Texaco, 5698 Hwy 20 SE, Cartersville, GA 30121",
        "city": "CARTERSVILLE",
        "state": "Georgia",
        "ZIP_CODE": 30121,
        "phone": "678-719-9770",
        "website": "http://iccga.org/",
        "CONTACT_PERSON": "",
        "role": "",
        "EMAIL_ADDRESS": "nfo@iccga.org",
        "latitude": 34.2097593,
        "longitude": -84.7585675
    },
    {
        "SCHOOL_NAME": "Dar-E-Abbas",
        "SCHOOL_ADDRESS": "5064 Lawrenceville Hwy, Lilburn, GA 30047",
        "city": "Lilburn",
        "state": "Georgia",
        "ZIP_CODE": 30047,
        "phone": "(404) 277-5295",
        "website": "http://dareabbas.com/",
        "CONTACT_PERSON": "Masoud Naqvi",
        "role": "Principal",
        "EMAIL_ADDRESS": "",
        "latitude": 33.8889005,
        "longitude": -84.1483832
    },
    {
        "SCHOOL_NAME": "Masjid Omar",
        "SCHOOL_ADDRESS": "955 Harbins Rd NW, Lilburn, GA 30047",
        "city": "Lilburn",
        "state": "Georgia",
        "ZIP_CODE": 30047,
        "phone": "404-955-0625",
        "website": "https://masjidomar.org/",
        "CONTACT_PERSON": "Sister Noor",
        "role": "",
        "EMAIL_ADDRESS": "info@masjidomar.org",
        "latitude": 33.8990973,
        "longitude": -84.1700968
    },
    {
        "SCHOOL_NAME": "East Cobb Islamic Center",
        "SCHOOL_ADDRESS": "1111 Braswell Rd, Marietta, GA 30062",
        "city": "Marietta",
        "state": "Georgia",
        "ZIP_CODE": 30062,
        "phone": "(678) 528-1414",
        "website": "https://www.ec-ic.org/",
        "CONTACT_PERSON": "",
        "role": "",
        "EMAIL_ADDRESS": "info@ec-ic.org",
        "latitude": 33.9785234,
        "longitude": -84.48696199999999
    },
    {
        "SCHOOL_NAME": "Masjid-Ibad-Ur- Rahman",
        "SCHOOL_ADDRESS": "2440 Sandy Plains Rd Building #15, Marietta, GA 30066",
        "city": "Marietta",
        "state": "Georgia",
        "ZIP_CODE": 30066,
        "phone": "678-560-3398",
        "website": "https://www.ibad-ur-rahman.org/",
        "CONTACT_PERSON": "",
        "role": "",
        "EMAIL_ADDRESS": "masjid@ibad-ur-rahman.org",
        "latitude": 34.0090483,
        "longitude": -84.49499449999999
    },
    {
        "SCHOOL_NAME": "Roswell Community Masjid",
        "SCHOOL_ADDRESS": "345 Market Pl, Roswell, GA 30075",
        "city": "Roswell",
        "state": "Georgia",
        "ZIP_CODE": 30075,
        "phone": "770-640-1411",
        "website": "https://roswellmasjid.org/",
        "CONTACT_PERSON": "",
        "role": "",
        "EMAIL_ADDRESS": "info@roswellmasjid.org",
        "latitude": 34.0304729,
        "longitude": -84.34019579999999
    }
]