[
    {
        "directory_organization_id": 1,
        "unique_id": "0aa1eecb-feba-4b7e-af93-864e9f6b8c24",
        "user_id": 2,
        "name": "Birmingham Islamic Society-Weekend Islamic school",
        "address": "2524 Hackberry Ln, Hoover, AL 35226",
        "city": "Hoover",
        "state": "Alabama",
        "zip_code": 35226,
        "country": "United States",
        "phone": "1 205-879-4247",
        "website": "https://www.bisweb.org/wis/",
        "email_primary": "nasim.uddin@bisweb.org",
        "contact_person": "Nasim Uddin",
        "contact_person_role": "President",
        "latitude": 33.4194263,
        "longitude": -86.8147379,
        "map_object_id": 1,
        "is_imported": 1,
        "is_active": 1
    },
    {
        "directory_organization_id": 3,
        "unique_id": "4b481196-2c47-4918-bfcf-d25e99981548",
        "user_id": 2,
        "name": "Islamic Center of Tuscaloosa",
        "address": "1416 Paul W Bryant Dr, Tuscaloosa, AL 35401",
        "city": "Tuscaloosa",
        "state": "Alabama",
        "zip_code": 35401,
        "country": "United States",
        "phone": "1 205 886 0596",
        "website": "https://istuscaloosa.org",
        "email_primary": "support@istuscaloosa.org",
        "contact_person": "",
        "contact_person_role": "",
        "latitude": 33.2068501,
        "longitude": -87.5558584,
        "map_object_id": 3,
        "is_imported": 1,
        "is_active": 1
    },
    {
        "directory_organization_id": 4,
        "unique_id": "9b198915-0c25-432c-a6f7-fe3f8370e0d4",
        "user_id": 2,
        "name": "Fahed Al Aoida School",
        "address": "E 80th Ave, Anchorage, AK 99518",
        "city": "Anchorage",
        "state": "Alaska",
        "zip_code": 99518,
        "country": "United States",
        "phone": "907-250-3664",
        "website": "https://alaskamasjid.org/FahedAlAodaSchool.html",
        "email_primary": "alaskamuslimcommunity@yahoo.com",
        "contact_person": "Dali Osmane",
        "contact_person_role": "In Charge",
        "latitude": 61.1483494,
        "longitude": -149.8640232,
        "map_object_id": 4,
        "is_imported": 1,
        "is_active": 1
    },
    {
        "directory_organization_id": 5,
        "unique_id": "8efd4697-ec2d-4739-927d-e33f38230b3f",
        "user_id": 2,
        "name": "ICNEV LEARNING CENTER - Islamic Center North East Valley",
        "address": "12125 E Vía Linda, Scottsdale, AZ 85259",
        "city": "Chandler",
        "state": "Arizona",
        "zip_code": 85259,
        "country": "United States",
        "phone": "(602) 456-0199",
        "website": "https://islamcenter.com/icnev-learning-center",
        "email_primary": "pr@islamcenter.com",
        "contact_person": "",
        "contact_person_role": "In Charge",
        "latitude": 33.5892363,
        "longitude": -111.8187643,
        "map_object_id": 5,
        "is_imported": 1,
        "is_active": 1
    },
    {
        "directory_organization_id": 7,
        "unique_id": "f626f392-40c8-413f-acf7-911379379242",
        "user_id": 2,
        "name": "Islamic Community Center of Phoenix",
        "address": "7516 N Black Cyn Hwy, Phoenix, AZ 85051",
        "city": "Phoenix",
        "state": "Arizona",
        "zip_code": 8505,
        "country": "United States",
        "phone": "(602) 249-0496",
        "website": "https://iccpaz.com/school/",
        "email_primary": "info@iccpaz.com",
        "contact_person": "",
        "contact_person_role": "",
        "latitude": 33.5465429,
        "longitude": -112.1127951,
        "map_object_id": 7,
        "is_imported": 1,
        "is_active": 1
    },
    {
        "directory_organization_id": 9,
        "unique_id": "f1e3a700-a073-4b6e-a9cf-c2063c3ec28a",
        "user_id": 2,
        "name": "Islamic Center of Little Rocks",
        "address": "3224 Anna St, Little Rock, AR 72204",
        "city": "Little Rock",
        "state": "Arkansas",
        "zip_code": 72204,
        "country": "United States",
        "phone": "01-565-4930",
        "website": "https://theiclr.org/sunday-school/",
        "email_primary": "principal@hudaacademy.org",
        "contact_person": "",
        "contact_person_role": "Principal",
        "latitude": 34.7221727,
        "longitude": -92.3333719,
        "map_object_id": 9,
        "is_imported": 1,
        "is_active": 1
    },
    {
        "directory_organization_id": 10,
        "unique_id": "53371735-d8cd-471b-b518-277da98916bb",
        "user_id": 2,
        "name": "Bentonville Islamic Center",
        "address": "1801 SW 2nd St, Bentonville, AR 72712",
        "city": "Bentonville",
        "state": "Arkansas",
        "zip_code": 72712,
        "country": "United States",
        "phone": "1 (479) 385-6242",
        "website": "https://bic-ar.org/",
        "email_primary": "bicnwa@gmail.com",
        "contact_person": "",
        "contact_person_role": "",
        "latitude": 36.3713189,
        "longitude": -94.23475669999999,
        "map_object_id": 10,
        "is_imported": 1,
        "is_active": 1
    },
    {
        "directory_organization_id": 11,
        "unique_id": "d7e297c1-46ec-4761-85d4-ffe4f3540ca2",
        "user_id": 2,
        "name": "MEdina Institute",
        "address": "",
        "city": "",
        "state": "Arkansas",
        "zip_code": "",
        "country": "United States",
        "phone": "",
        "website": "",
        "email_primary": "sundayschool@madinainstitute.us",
        "contact_person": "",
        "contact_person_role": "",
        "latitude": "",
        "longitude": "",
        "map_object_id": 11,
        "is_imported": 1,
        "is_active": 1
    },
    {
        "directory_organization_id": 12,
        "unique_id": "1097f344-70e2-43a7-a49f-839f727f13b0",
        "user_id": 2,
        "name": "Rocky Mountain Islamic Center",
        "address": "7510 W Mississippi Ave, Lakewood, CO 80226",
        "city": "Lakewood",
        "state": "Colorado",
        "zip_code": 80232,
        "country": "United States",
        "phone": "1 720-583-4463",
        "website": "https://www.rmislamiccenter.com",
        "email_primary": "rmislamiccenter@gmail.com",
        "contact_person": "",
        "contact_person_role": "",
        "latitude": 39.6956151,
        "longitude": -105.0801732,
        "map_object_id": 12,
        "is_imported": 1,
        "is_active": 1
    },
    {
        "directory_organization_id": 13,
        "unique_id": "8c8cccbd-2be6-496c-afd1-e8b99f17e3aa",
        "user_id": 2,
        "name": "Masjid Al Nur",
        "address": "2124 S Birch St, Denver, CO 80222",
        "city": "Denver",
        "state": "Colorado",
        "zip_code": 80222,
        "country": "United States",
        "phone": "(303) 759-1985",
        "website": "https://disbirchstreet.wixsite.com/masjid-alnur",
        "email_primary": "dis.birchstreet@gmail.com",
        "contact_person": "",
        "contact_person_role": "",
        "latitude": 39.6776297,
        "longitude": -104.935989,
        "map_object_id": 13,
        "is_imported": 1,
        "is_active": 1
    },
    {
        "directory_organization_id": 14,
        "unique_id": "301e69d4-3f88-4d38-a803-cae7dc5ff36e",
        "user_id": 2,
        "name": "Islamic Center of Fort Collins",
        "address": "925 W Lake St, Fort Collins, CO 80521",
        "city": "Fort Collins",
        "state": "Colorado",
        "zip_code": 80521,
        "country": "United States",
        "phone": "1 (970) 221-2425",
        "website": "https://www.icfc.org/",
        "email_primary": "info@icfc.org",
        "contact_person": "",
        "contact_person_role": "",
        "latitude": 40.5684445,
        "longitude": -105.0944398,
        "map_object_id": 14,
        "is_imported": 1,
        "is_active": 1
    },
    {
        "directory_organization_id": 15,
        "unique_id": "25cd7f23-116b-43ae-bf1d-9e34fe5df0cf",
        "user_id": 2,
        "name": "South Denver Islamic Center",
        "address": "Greenwood Village, CO 80155",
        "city": "Green Wood",
        "state": "Colorado",
        "zip_code": 80155,
        "country": "United States",
        "phone": "720-772-7342",
        "website": "https://www.khadeejah.org/",
        "email_primary": "",
        "contact_person": "Mohammad Waseem Khan",
        "contact_person_role": "President",
        "latitude": 39.5969612,
        "longitude": -104.8603104,
        "map_object_id": 15,
        "is_imported": 1,
        "is_active": 1
    },
    {
        "directory_organization_id": 16,
        "unique_id": "8ae0e55b-d619-4acc-bb45-e181afa80d66",
        "user_id": 2,
        "name": "Cresent View Academy",
        "address": "10958 E Bethany Dr, Aurora, CO 80014",
        "city": "Aurora",
        "state": "Colorado",
        "zip_code": 80014,
        "country": "United States",
        "phone": "(303) 745-2245",
        "website": "http://crescentview.org/",
        "email_primary": "info@crescentview.org",
        "contact_person": "Iyad Wazwaz",
        "contact_person_role": "Principal",
        "latitude": 39.6628965,
        "longitude": -104.8608766,
        "map_object_id": 16,
        "is_imported": 1,
        "is_active": 1
    },
    {
        "directory_organization_id": 17,
        "unique_id": "ac858acc-f57b-48be-859c-5041713c6fc1",
        "user_id": 2,
        "name": "Metropolitan Denver North Islamic Center",
        "address": "11141 Irma Dr, Northglenn, CO 80233",
        "city": "Northglenn",
        "state": "Colorado",
        "zip_code": 80233,
        "country": "United States",
        "phone": "303-920-0252",
        "website": "www.masjidikhlas.org",
        "email_primary": "ikhlasacademy@masjidikhlas.org",
        "contact_person": "",
        "contact_person_role": "",
        "latitude": 39.8982844,
        "longitude": -104.966958,
        "map_object_id": 17,
        "is_imported": 1,
        "is_active": 1
    },
    {
        "directory_organization_id": 18,
        "unique_id": "53908f45-006c-4016-b77a-00d21a8a9f88",
        "user_id": 2,
        "name": "Quba Masjid",
        "address": "Hayes, UK",
        "city": "Alameda",
        "state": "California",
        "zip_code": 94550,
        "country": "United States",
        "phone": "44(0) 208 150 9299",
        "website": "https://www.qubamasjid.com/qubamadrasah/",
        "email_primary": "info@qubamasjid.com",
        "contact_person": "",
        "contact_person_role": "",
        "latitude": 51.516758,
        "longitude": -0.436786,
        "map_object_id": 18,
        "is_imported": 1,
        "is_active": 1
    },
    {
        "directory_organization_id": 19,
        "unique_id": "360ace92-076f-4846-b63d-4aaa1a0b356a",
        "user_id": 2,
        "name": "Masjid Al Taqwa",
        "address": "2181 Lake Ave, Altadena, CA 91001",
        "city": "Altadena",
        "state": "California",
        "zip_code": 91001,
        "country": "United States",
        "phone": "310-904-9288",
        "website": "http://altaqwamasjid.com/",
        "email_primary": "milakhani21@yahoo.com",
        "contact_person": "Br. Mohammad Iqbal Lakhani",
        "contact_person_role": "In Charge",
        "latitude": 34.1833803,
        "longitude": -118.1318577,
        "map_object_id": 19,
        "is_imported": 1,
        "is_active": 1
    },
    {
        "directory_organization_id": 20,
        "unique_id": "416cbc81-13f4-47f7-9424-b5e303442eeb",
        "user_id": 2,
        "name": "The Islamic Center of Anaheim",
        "address": "1136 N Brookhurst St, Anaheim, CA 92801",
        "city": "Anaheim",
        "state": "California",
        "zip_code": 92801,
        "country": "United States",
        "phone": "714-999-2800",
        "website": "https://www.aicpca.org/",
        "email_primary": "info@aicpca.org",
        "contact_person": "",
        "contact_person_role": "",
        "latitude": 33.8486191,
        "longitude": -117.9588111,
        "map_object_id": 20,
        "is_imported": 1,
        "is_active": 1
    },
    {
        "directory_organization_id": 21,
        "unique_id": "ce457dea-3bec-4e10-95dc-417f368069c8",
        "user_id": 2,
        "name": "The Islamic education School (Ties with Islamic Center of Anaheim)",
        "address": "1136 N Brookhurst St, Anaheim, CA 92801",
        "city": "Anaheim",
        "state": "California",
        "zip_code": 92801,
        "country": "United States",
        "phone": "714 999-2810",
        "website": "https://ties.aicpca.org/",
        "email_primary": "ties@aicpca.org",
        "contact_person": "",
        "contact_person_role": "",
        "latitude": 33.8486191,
        "longitude": -117.9588111,
        "map_object_id": 21,
        "is_imported": 1,
        "is_active": 1
    },
    {
        "directory_organization_id": 22,
        "unique_id": "2da446bc-bb6a-4de9-8a7c-ab170a7dc570",
        "user_id": 2,
        "name": "The Islamic Shoura Council of Bakersfield",
        "address": "701 Ming Ave #146, Bakersfield, CA 93307",
        "city": "Bakersfield",
        "state": "California",
        "zip_code": 93307,
        "country": "United States",
        "phone": "661-303-1543",
        "website": "http://www.iscob.org/school.html",
        "email_primary": "info@iscob.org",
        "contact_person": "",
        "contact_person_role": "",
        "latitude": 35.3392281,
        "longitude": -119.0101214,
        "map_object_id": 22,
        "is_imported": 1,
        "is_active": 1
    },
    {
        "directory_organization_id": 23,
        "unique_id": "669359c5-d2ff-4aa2-b006-6f3cc779d93e",
        "user_id": 2,
        "name": "Al-Iman Sunday School (Yassen Foundation)",
        "address": "1722 Gilbreth Rd, Burlingame, CA 94010",
        "city": "Belmont",
        "state": "California",
        "zip_code": 94002,
        "country": "United States",
        "phone": "650-797-0681",
        "website": "https://www.yaseen.org/programs/al-iman-school",
        "email_primary": "principal@alimanislamicschool.org",
        "contact_person": "",
        "contact_person_role": "Principal",
        "latitude": 37.599325,
        "longitude": -122.3740648,
        "map_object_id": 23,
        "is_imported": 1,
        "is_active": 1
    },
    {
        "directory_organization_id": 24,
        "unique_id": "c84386d8-1a1e-4411-a517-e56078b0d8a3",
        "user_id": 2,
        "name": "Brentwood Muslim Community Center - (Weekend School)",
        "address": "7701 Lone Tree Wy, Brentwood, CA 94513",
        "city": "Brentwood",
        "state": "California",
        "zip_code": 94513,
        "country": "United States",
        "phone": "925-298-2622",
        "website": "https://brmcc.org/#",
        "email_primary": "info@brmcc.org",
        "contact_person": "Fahim Choudhary",
        "contact_person_role": "In Charge",
        "latitude": 37.9612158,
        "longitude": -121.7105947,
        "map_object_id": 24,
        "is_imported": 1,
        "is_active": 1
    },
    {
        "directory_organization_id": 25,
        "unique_id": "fa857088-abb9-4334-ba7e-d72aea3af210",
        "user_id": 2,
        "name": "Hikmah School (Brentwood Muslim Community Center)",
        "address": "7701 Lone Tree Wy, Brentwood, CA 94513",
        "city": "Brentwood",
        "state": "California",
        "zip_code": 94513,
        "country": "United States",
        "phone": "925-298-2622",
        "website": "https://hikmahschool.com/",
        "email_primary": "info@hikmahschool.com",
        "contact_person": "Fahim Choudhary",
        "contact_person_role": "In Charge",
        "latitude": 37.9612158,
        "longitude": -121.7105947,
        "map_object_id": 25,
        "is_imported": 1,
        "is_active": 1
    },
    {
        "directory_organization_id": 26,
        "unique_id": "d8b05e24-4842-4aab-a20e-9970bcb08f96",
        "user_id": 2,
        "name": "Darul Islam",
        "address": "2449 Buena Vista Ave, Walnut Creek, CA 94597",
        "city": "Walnut Creek",
        "state": "California",
        "zip_code": 94597,
        "country": "United States",
        "phone": "925-482-0077",
        "website": "https://www.darulislam.org/sunday-school/",
        "email_primary": "school@darulislam.org",
        "contact_person": "",
        "contact_person_role": "",
        "latitude": 37.9135327,
        "longitude": -122.0732028,
        "map_object_id": 26,
        "is_imported": 1,
        "is_active": 1
    },
    {
        "directory_organization_id": 27,
        "unique_id": "23015ce4-a535-4b69-b0cf-6aaebe34dc4f",
        "user_id": 2,
        "name": "Islamic Education Center of Orange County",
        "address": "3194 Airport Loop Dr b, Costa Mesa, CA 92626",
        "city": "Costa Mesa",
        "state": "California",
        "zip_code": 92626,
        "country": "United States",
        "phone": "714-432-0060",
        "website": "https://iecoc.org/school/",
        "email_primary": "info@iecoc.org",
        "contact_person": "Dr. Sayed Moustafa al-Qazwini",
        "contact_person_role": "Founder",
        "latitude": 33.6842713,
        "longitude": -117.8667285,
        "map_object_id": 27,
        "is_imported": 1,
        "is_active": 1
    },
    {
        "directory_organization_id": 28,
        "unique_id": "653934ad-332e-44ff-b493-bdafcce2a515",
        "user_id": 2,
        "name": "Prime Years Academy",
        "address": "495 Santana Way, Corona, CA 92881",
        "city": "Corona",
        "state": "California",
        "zip_code": 92881,
        "country": "United States",
        "phone": "951-561-3643",
        "website": "https://www.primeyearsacademy.com",
        "email_primary": "director.primeyears@yahoo.com",
        "contact_person": "",
        "contact_person_role": "",
        "latitude": 33.8511327,
        "longitude": -117.5618038,
        "map_object_id": 28,
        "is_imported": 1,
        "is_active": 1
    },
    {
        "directory_organization_id": 29,
        "unique_id": "d6c1f68c-46df-4e7e-9150-2990424b6730",
        "user_id": 2,
        "name": "ISCN Learning Center",
        "address": "495 Santana Way, Corona, CA 92881",
        "city": "Corona",
        "state": "California",
        "zip_code": 92881,
        "country": "United States",
        "phone": "951-264-6739",
        "website": "https://www.tlc-corona.org/",
        "email_primary": "schooldirector.tlc@gmail.com​",
        "contact_person": "Ms. Aniqa Janjua",
        "contact_person_role": "School Director & Principal",
        "latitude": 33.8511327,
        "longitude": -117.5618038,
        "map_object_id": 29,
        "is_imported": 1,
        "is_active": 1
    },
    {
        "directory_organization_id": 30,
        "unique_id": "bbf3b533-8b02-4993-b6f9-059d2a5e5d63",
        "user_id": 2,
        "name": "Islamic Society of Folsom",
        "address": "1835 Prairie City Rd, Folsom, CA 95630",
        "city": "Folsom",
        "state": "California",
        "zip_code": 95630,
        "country": "United States",
        "phone": "(916)294-3047",
        "website": "http://masjidbilal.com",
        "email_primary": "",
        "contact_person": "Dr. Dale Hamad",
        "contact_person_role": "In Charge",
        "latitude": 38.6523393,
        "longitude": -121.1656249,
        "map_object_id": 30,
        "is_imported": 1,
        "is_active": 1
    },
    {
        "directory_organization_id": 31,
        "unique_id": "5d2b58a6-c80e-4e62-ab6f-bea58c182025",
        "user_id": 2,
        "name": "Sunday School - Islamic Society of East Bay",
        "address": "33330 Peace Terrace, Fremont, CA 94555",
        "city": "Fremont",
        "state": "California",
        "zip_code": 94555,
        "country": "United States",
        "phone": "408 309 3798",
        "website": "http://sundayschooliseb.com/",
        "email_primary": "sundayschooliseb@sundayschooliseb.com",
        "contact_person": "",
        "contact_person_role": "",
        "latitude": 37.5808282,
        "longitude": -122.0547467,
        "map_object_id": 31,
        "is_imported": 1,
        "is_active": 1
    },
    {
        "directory_organization_id": 32,
        "unique_id": "ee09955a-4adc-4b35-91ab-394cdc5bc062",
        "user_id": 2,
        "name": "Sunday Islamic School of Fremont",
        "address": "42412 Albrae St, Fremont, CA 94538",
        "city": "Fremont",
        "state": "California",
        "zip_code": 94538,
        "country": "United States",
        "phone": "408-309-3798",
        "website": "https://sites.google.com/sisfonline.com/home/",
        "email_primary": "imtiaz622@gmail.com",
        "contact_person": "Mr. Imtiaz",
        "contact_person_role": "Principal",
        "latitude": 37.5093342,
        "longitude": -121.9718158,
        "map_object_id": 32,
        "is_imported": 1,
        "is_active": 1
    },
    {
        "directory_organization_id": 33,
        "unique_id": "a62fe9b9-1a14-4f26-b4c3-93872f83ad26",
        "user_id": 2,
        "name": "Masjid Fresno Islamic Center",
        "address": "2111 E Shaw Ave, Fresno, CA 93710",
        "city": "Fresno",
        "state": "California",
        "zip_code": 93710,
        "country": "United States",
        "phone": "559-222-6686",
        "website": "https://www.masjidfresno.org/",
        "email_primary": "sheikhramadan@gmail.com",
        "contact_person": "Seikh Ramadan",
        "contact_person_role": "Imam",
        "latitude": 36.808313,
        "longitude": -119.7517292,
        "map_object_id": 33,
        "is_imported": 1,
        "is_active": 1
    },
    {
        "directory_organization_id": 34,
        "unique_id": "ade3ee77-f1b6-4895-9c55-1ca998b70cba",
        "user_id": 2,
        "name": "Masjid Badr Sierra Community Center",
        "address": "7150 N Milburn Ave, Fresno, CA 93722",
        "city": "Fresno",
        "state": "California",
        "zip_code": 93722,
        "country": "United States",
        "phone": "559-478-7721",
        "website": "https://www.masjidbadr.org/",
        "email_primary": "info@masjidbadr.org",
        "contact_person": "",
        "contact_person_role": "",
        "latitude": 36.83916420000001,
        "longitude": -119.8783564,
        "map_object_id": 34,
        "is_imported": 1,
        "is_active": 1
    },
    {
        "directory_organization_id": 35,
        "unique_id": "d5676e70-5b2a-4af8-9c28-95620a925cfc",
        "user_id": 2,
        "name": "Islamic Center of Hawthorne",
        "address": "12209 Hawthorne Way, Hawthorne, CA 90250",
        "city": "Hawthorne",
        "state": "California",
        "zip_code": 90250,
        "country": "United States",
        "phone": "310-973-8000",
        "website": "https://ichla.org/services/weekend-school/",
        "email_primary": "ichsaturdayschool@yahoo.com",
        "contact_person": "",
        "contact_person_role": "",
        "latitude": 33.921749,
        "longitude": -118.3538195,
        "map_object_id": 35,
        "is_imported": 1,
        "is_active": 1
    },
    {
        "directory_organization_id": 36,
        "unique_id": "2f9f6578-6397-4523-9c7c-32091d15c885",
        "user_id": 2,
        "name": "Islamic Center of Irvine",
        "address": "2 Truman St, Irvine, CA 92620",
        "city": "Irvine",
        "state": "California",
        "zip_code": 92620,
        "country": "United States",
        "phone": "949-336-3977",
        "website": "https://www.icoi.net/aim-weekend-school/",
        "email_primary": "ws@icoi.net",
        "contact_person": "Ms. Mehnaz Piracha",
        "contact_person_role": "Director",
        "latitude": 33.6964995,
        "longitude": -117.765507,
        "map_object_id": 36,
        "is_imported": 1,
        "is_active": 1
    },
    {
        "directory_organization_id": 37,
        "unique_id": "d6ec975d-0dde-4bd7-9b60-0cc51c6ebc3a",
        "user_id": 2,
        "name": "Masjid Madera",
        "address": "16634 Rd 26, Madera, CA 93638",
        "city": "Madera",
        "state": "California",
        "zip_code": 93638,
        "country": "United States",
        "phone": "(559) 885-3400",
        "website": "http://www.masjidmadera.com",
        "email_primary": "masjidmadera@gmail.com",
        "contact_person": "Abdullah",
        "contact_person_role": "In Charge",
        "latitude": 36.9910784,
        "longitude": -120.0746963,
        "map_object_id": 37,
        "is_imported": 1,
        "is_active": 1
    },
    {
        "directory_organization_id": 38,
        "unique_id": "cf6df355-53da-4f87-b24a-d6d8be13ab99",
        "user_id": 2,
        "name": "Masjid Darus Salam",
        "address": "374 Turquoise St, Milpitas, CA 95035",
        "city": "Milpitas",
        "state": "California",
        "zip_code": 95035,
        "country": "United States",
        "phone": "408-786-9658",
        "website": "https://alhilaal.org",
        "email_primary": "info@alhilaal.org",
        "contact_person": "",
        "contact_person_role": "",
        "latitude": 37.42669,
        "longitude": -121.8961936,
        "map_object_id": 38,
        "is_imported": 1,
        "is_active": 1
    },
    {
        "directory_organization_id": 39,
        "unique_id": "7fab4736-4a2d-474c-8515-d73f395b8286",
        "user_id": 2,
        "name": "Orange County Islamic Foundation",
        "address": "23581 Madero #101, Mission Viejo, CA 92691",
        "city": "Mission Viejo",
        "state": "California",
        "zip_code": 92691,
        "country": "United States",
        "phone": "(949) 595-0480",
        "website": "https://www.ocif.org/weekend-school-2/",
        "email_primary": "admin@ocif.org",
        "contact_person": "",
        "contact_person_role": "",
        "latitude": 33.6205731,
        "longitude": -117.6758662,
        "map_object_id": 39,
        "is_imported": 1,
        "is_active": 1
    },
    {
        "directory_organization_id": 40,
        "unique_id": "c74891a1-313e-48f9-8404-815408c2c811",
        "user_id": 2,
        "name": "Al Nur Islamic Center",
        "address": "Palo Verde professional building, 4959 Palo Verde St 205 c, Montclair, CA 91763",
        "city": "Montclair",
        "state": "California",
        "zip_code": 91763,
        "country": "United States",
        "phone": "626-378-8156",
        "website": "https://www.alnuric.org/",
        "email_primary": "admin@alnooric.org",
        "contact_person": "",
        "contact_person_role": "",
        "latitude": 34.0809153,
        "longitude": -117.6967865,
        "map_object_id": 40,
        "is_imported": 1,
        "is_active": 1
    },
    {
        "directory_organization_id": 41,
        "unique_id": "2894fe57-1343-4c7b-a6fb-046ea9509cac",
        "user_id": 2,
        "name": "Mus'ab Ibn Umayr School",
        "address": "2700 Borchard Rd, Thousand Oaks, CA 91320",
        "city": "Newbury",
        "state": "California",
        "zip_code": 91320,
        "country": "United States",
        "phone": "805-499-2106",
        "website": "https://iccv.org/miu-school",
        "email_primary": "MIUschool@gmail.com",
        "contact_person": "Imam Muhammed Shoayb Mehtar",
        "contact_person_role": "Principal",
        "latitude": 34.1784069,
        "longitude": -118.9334633,
        "map_object_id": 41,
        "is_imported": 1,
        "is_active": 1
    },
    {
        "directory_organization_id": 42,
        "unique_id": "f1a7f1ed-78fb-44a4-abd0-ead823344583",
        "user_id": 2,
        "name": "Islamic Center of Ventura County",
        "address": "271 Riverpark Blvd, Oxnard, CA 93036",
        "city": "Oxnard",
        "state": "California",
        "zip_code": 93036,
        "country": "United States",
        "phone": "805-427-2081",
        "website": "https://icovc.org/classes/",
        "email_primary": "hasnatsaleh@ yahoo.com",
        "contact_person": "Br. Abul Saleh",
        "contact_person_role": "Coordinator",
        "latitude": 34.2348802,
        "longitude": -119.1740305,
        "map_object_id": 42,
        "is_imported": 1,
        "is_active": 1
    },
    {
        "directory_organization_id": 43,
        "unique_id": "44892d7b-f5cd-4c8d-a668-6d2be68b28bb",
        "user_id": 2,
        "name": "MCC Sunday School (Muslim Community Center of East Bay)",
        "address": "5724 W Las Positas Blvd #300, Pleasanton, CA 94588",
        "city": "Pleasanton",
        "state": "California",
        "zip_code": 94588,
        "country": "United States",
        "phone": "925 485 1786",
        "website": "https://www.mccsundayschool.org",
        "email_primary": "principal@mccsundayschool.org. info@mccsundayschool.org",
        "contact_person": "Shaima Rahmani",
        "contact_person_role": "Principal",
        "latitude": 37.6855153,
        "longitude": -121.8911505,
        "map_object_id": 43,
        "is_imported": 1,
        "is_active": 1
    },
    {
        "directory_organization_id": 44,
        "unique_id": "4d124050-6c69-4da4-b80a-74d24e3f53ee",
        "user_id": 2,
        "name": "Ahlul Beyt Mosque",
        "address": "2155 Murchison Ave, Pomona, CA 91768",
        "city": "Pomona",
        "state": "California",
        "zip_code": 91768,
        "country": "United States",
        "phone": "909-622-9158",
        "website": "https://www.ahlulbeyt.net/ahlul-beyt-school/",
        "email_primary": "",
        "contact_person": "",
        "contact_person_role": "",
        "latitude": 34.0717853,
        "longitude": -117.7901775,
        "map_object_id": 44,
        "is_imported": 1,
        "is_active": 1
    },
    {
        "directory_organization_id": 45,
        "unique_id": "72f1662e-5e58-424a-857c-3750b0dc0e46",
        "user_id": 2,
        "name": "Islamic Center of South Bay",
        "address": "25816 Walnut St, Lomita, CA 90717",
        "city": "Lomita",
        "state": "California",
        "zip_code": 90717,
        "country": "United States",
        "phone": "(310) 534-1363",
        "website": "https://masjidalnoor.org/alnoor-islamic-weekend-school/",
        "email_primary": "imamanas@masjidalnoor.org",
        "contact_person": "Qari Anas Daghameen",
        "contact_person_role": "Imam",
        "latitude": 33.788886,
        "longitude": -118.311697,
        "map_object_id": 45,
        "is_imported": 1,
        "is_active": 1
    },
    {
        "directory_organization_id": 46,
        "unique_id": "58e288cb-0a4f-4f78-b992-cd56ef7c2f95",
        "user_id": 2,
        "name": "Islamic Center of Southern California",
        "address": "434 S Vermont Ave, Los Angeles, CA 90020",
        "city": "Los Angeles",
        "state": "California",
        "zip_code": 90020,
        "country": "United States",
        "phone": "213 382 9200",
        "website": "https://www.islamiccenter.com/",
        "email_primary": "sundayschool@islamiccenter.com",
        "contact_person": "Hadir Elsayad",
        "contact_person_role": "Head of Sunday School",
        "latitude": 34.0664608,
        "longitude": -118.2912604,
        "map_object_id": 46,
        "is_imported": 1,
        "is_active": 1
    },
    {
        "directory_organization_id": 47,
        "unique_id": "3e0e178c-9c08-42c1-91d1-baa3037ca21a",
        "user_id": 2,
        "name": "Masjid Annur Islamic Center",
        "address": "6990 65th St, Sacramento, CA 95823",
        "city": "Sacramento",
        "state": "California",
        "zip_code": 95828,
        "country": "United States",
        "phone": "(916) 392 6687",
        "website": "https://www.masjidannur.com/services/annur-sunday-school",
        "email_primary": "EducationDirector@masjidannur.com",
        "contact_person": "",
        "contact_person_role": "",
        "latitude": 38.499308,
        "longitude": -121.4380799,
        "map_object_id": 47,
        "is_imported": 1,
        "is_active": 1
    },
    {
        "directory_organization_id": 48,
        "unique_id": "177bb039-431c-496d-8ae0-b201b655d726",
        "user_id": 2,
        "name": "Islamic Center of Riverside",
        "address": "1038 W Linden St, Riverside, CA 92507",
        "city": "Riverside",
        "state": "California",
        "zip_code": 92507,
        "country": "United States",
        "phone": "(951) 732-7641",
        "website": "https://www.islamiccenterofriverside.net/sunday-school",
        "email_primary": "Info@masjidriverside.org",
        "contact_person": "",
        "contact_person_role": "",
        "latitude": 33.9781403,
        "longitude": -117.3342403,
        "map_object_id": 48,
        "is_imported": 1,
        "is_active": 1
    },
    {
        "directory_organization_id": 49,
        "unique_id": "f55ff5cd-1a79-47e7-bccc-5e5605715bed",
        "user_id": 2,
        "name": "Islamic Center of San Gabriel Valley",
        "address": "19164 E Walnut Dr N, Rowland Heights, CA 91748",
        "city": "Rowland Heights",
        "state": "California",
        "zip_code": 91746,
        "country": "United States",
        "phone": "626 964 3596",
        "website": "https://www.icsgv.com/weekend-islamic-school/",
        "email_primary": "administration@icsgv.com",
        "contact_person": "Rashed Mohammadi",
        "contact_person_role": "Principal",
        "latitude": 33.9953969,
        "longitude": -117.8843317,
        "map_object_id": 49,
        "is_imported": 1,
        "is_active": 1
    },
    {
        "directory_organization_id": 50,
        "unique_id": "3ba750cd-2b53-452d-9c73-58aa3bfca9c0",
        "user_id": 2,
        "name": "Salam Weekend School (Sacramento Area League of Associated Muslims)",
        "address": "Salam Center Mosque, 4545 College Oak Dr, Sacramento, CA 95841",
        "city": "Sacramento",
        "state": "California",
        "zip_code": 95841,
        "country": "United States",
        "phone": "916-979-1933 Ext 3",
        "website": "https://salamcenter.org/salam-weekend-school/",
        "email_primary": "facilitiesdirector@salamcenter.org",
        "contact_person": "Ossama Elsebai",
        "contact_person_role": "Facility Director",
        "latitude": 38.6473778,
        "longitude": -121.3512147,
        "map_object_id": 50,
        "is_imported": 1,
        "is_active": 1
    },
    {
        "directory_organization_id": 51,
        "unique_id": "3c4ee867-5aa2-4a3c-b7f3-a5d82f37bcd5",
        "user_id": 2,
        "name": "Islamic Center of Reseda",
        "address": "18206 Victory Blvd, Tarzana, CA 91335",
        "city": "Reseda",
        "state": "California",
        "zip_code": 91335,
        "country": "United States",
        "phone": "818-697-2990",
        "website": "https://islamiccenterofreseda.com/weekend-school/",
        "email_primary": "icreseda1@aol.com",
        "contact_person": "Sis. Shirin Karoon",
        "contact_person_role": "Principal",
        "latitude": 34.1862531,
        "longitude": -118.5297453,
        "map_object_id": 51,
        "is_imported": 1,
        "is_active": 1
    },
    {
        "directory_organization_id": 52,
        "unique_id": "391c07ff-663e-45af-a8a5-4cb3dbdb8571",
        "user_id": 2,
        "name": "Islamic Center od San Francisco",
        "address": "400 Crescent Ave, San Francisco, CA 94110",
        "city": "Sanfrancisco",
        "state": "California",
        "zip_code": 94110,
        "country": "United States",
        "phone": "415.624.3754",
        "website": "https://www.icofsf.org",
        "email_primary": "icofsf@gmail.com",
        "contact_person": "",
        "contact_person_role": "",
        "latitude": 37.7347493,
        "longitude": -122.4167073,
        "map_object_id": 52,
        "is_imported": 1,
        "is_active": 1
    },
    {
        "directory_organization_id": 53,
        "unique_id": "6aee83a6-3cb2-4ee7-b097-9aa10ed2c606",
        "user_id": 2,
        "name": "Islamic education Center of San Diago",
        "address": "8977 Activity Rd #103, San Diego, CA 92126",
        "city": "San Diago",
        "state": "California",
        "zip_code": 92126,
        "country": "United States",
        "phone": "858-689-8888",
        "website": "http://www.iecsd.com",
        "email_primary": "Imam@Iecsd.com",
        "contact_person": "",
        "contact_person_role": "",
        "latitude": 32.8959802,
        "longitude": -117.132499,
        "map_object_id": 53,
        "is_imported": 1,
        "is_active": 1
    },
    {
        "directory_organization_id": 54,
        "unique_id": "822d28e4-9354-41c4-b0ed-a75a135f0959",
        "user_id": 2,
        "name": "Al Rashid School (Islamic Center of San Diago)",
        "address": "7050 Eckstrom Ave, San Diego, CA 92111",
        "city": "San Diago",
        "state": "California",
        "zip_code": 92111,
        "country": "United States",
        "phone": "858-278-5240",
        "website": "https://www.icsd.org/al-rashid-school.html",
        "email_primary": "admin@alrashid.icsd.org",
        "contact_person": "",
        "contact_person_role": "",
        "latitude": 32.82058420000001,
        "longitude": -117.1654905,
        "map_object_id": 54,
        "is_imported": 1,
        "is_active": 1
    },
    {
        "directory_organization_id": 55,
        "unique_id": "8bceff68-236c-4cae-a2ca-bae16b9c55a6",
        "user_id": 2,
        "name": "Noor Al Islam School (Masjid Noor Al Islam)",
        "address": "118 Jones St, San Francisco, CA 94102",
        "city": "San Francisco",
        "state": "California",
        "zip_code": 94102,
        "country": "United States",
        "phone": "(415) 292-9709",
        "website": "https://www.alsabeel.org/",
        "email_primary": "alsabeel@alsabeel.org",
        "contact_person": "",
        "contact_person_role": "",
        "latitude": 37.7824221,
        "longitude": -122.4120614,
        "map_object_id": 55,
        "is_imported": 1,
        "is_active": 1
    },
    {
        "directory_organization_id": 56,
        "unique_id": "545cb25f-ed50-4501-aa34-536e271d6e12",
        "user_id": 2,
        "name": "Mosque of San Gabriel",
        "address": "1301 E Las Tunas Dr, San Gabriel, CA 91776",
        "city": "San Gabriel",
        "state": "California",
        "zip_code": 91775,
        "country": "United States",
        "phone": "(626) 285-2697",
        "website": "https://www.masjidgibrael.org/sunday-school/",
        "email_primary": "masjidgibrael1301@gmail.com",
        "contact_person": "",
        "contact_person_role": "",
        "latitude": 34.1040863,
        "longitude": -118.0793922,
        "map_object_id": 56,
        "is_imported": 1,
        "is_active": 1
    },
    {
        "directory_organization_id": 57,
        "unique_id": "5f7f1a66-c54d-490f-a39c-726ce03cfc4e",
        "user_id": 2,
        "name": "SAB Sunday School (Saba islamic center)",
        "address": "4415 Fortran Ct, San Jose, CA 95134",
        "city": "San Jose",
        "state": "California",
        "zip_code": 95134,
        "country": "United States",
        "phone": "(408) 946-5700",
        "website": "https://www.saba-igc.org/",
        "email_primary": "sab-admin@saba-igc.org",
        "contact_person": "Dr. Nabi Raza Abidi",
        "contact_person_role": "School Admin",
        "latitude": 37.421049,
        "longitude": -121.9581482,
        "map_object_id": 57,
        "is_imported": 1,
        "is_active": 1
    },
    {
        "directory_organization_id": 58,
        "unique_id": "8b16a307-3d5d-4b59-a9a2-e35fc57c7cbe",
        "user_id": 2,
        "name": "Alqarawiyyeen Schools (Blossom Valley Muslim Community Center)",
        "address": "5885 Santa Teresa Blvd #113, San Jose, CA 95123",
        "city": "San Jose",
        "state": "California",
        "zip_code": 95123,
        "country": "United States",
        "phone": "408-588-1717",
        "website": "https://www.bvmcc.org",
        "email_primary": "Info@alqarawiyyeenschools.com",
        "contact_person": "",
        "contact_person_role": "School",
        "latitude": 37.2358679,
        "longitude": -121.8317751,
        "map_object_id": 58,
        "is_imported": 1,
        "is_active": 1
    },
    {
        "directory_organization_id": 59,
        "unique_id": "98050d5d-4a20-4ab9-ae2b-7d8b2cf5dc70",
        "user_id": 2,
        "name": "South Bay Islamic Association",
        "address": "2345 Harris Way, San Jose, CA 95131",
        "city": "San Jose",
        "state": "California",
        "zip_code": 95131,
        "country": "United States",
        "phone": "",
        "website": "https://sbia.info/",
        "email_primary": "sbiais@sbia.info",
        "contact_person": "",
        "contact_person_role": "School",
        "latitude": 37.4029415,
        "longitude": -121.9052798,
        "map_object_id": 59,
        "is_imported": 1,
        "is_active": 1
    },
    {
        "directory_organization_id": 60,
        "unique_id": "a4e21e29-cc29-4464-b98f-9cfed89da4a8",
        "user_id": 2,
        "name": "South Valley Islamic Center",
        "address": "40 E 4th St, Morgan Hill, CA 95037",
        "city": "Morgan Hill",
        "state": "California",
        "zip_code": 95037,
        "country": "United States",
        "phone": "",
        "website": "https://svic.org/islamic-school/",
        "email_primary": "svic@svic.org",
        "contact_person": "",
        "contact_person_role": "",
        "latitude": 37.1274108,
        "longitude": -121.6508407,
        "map_object_id": 60,
        "is_imported": 1,
        "is_active": 1
    },
    {
        "directory_organization_id": 61,
        "unique_id": "75a06429-8fdf-4c53-bda7-fc504a287fbb",
        "user_id": 2,
        "name": "San Ramon Valley Islamic Center",
        "address": "2232 Camino Ramon, San Ramon, CA 94583",
        "city": "San Ramon",
        "state": "California",
        "zip_code": 94583,
        "country": "United States",
        "phone": "925-380-6432",
        "website": "https://srvic.org/islamic-school/",
        "email_primary": "hasiba@SRVIC.org",
        "contact_person": "Nasira Sharieff",
        "contact_person_role": "",
        "latitude": 37.77678700000001,
        "longitude": -121.969178,
        "map_object_id": 61,
        "is_imported": 1,
        "is_active": 1
    },
    {
        "directory_organization_id": 62,
        "unique_id": "7a83afdf-6769-4168-99cd-5e0551d8416e",
        "user_id": 2,
        "name": "Imammia Education Center",
        "address": "Santa Ana, CA 92705",
        "city": "Santa Ana",
        "state": "California",
        "zip_code": 92705,
        "country": "United States",
        "phone": "(714) 524-5580",
        "website": "https://www.imamia.org",
        "email_primary": "aamithani@yahoo.com",
        "contact_person": "",
        "contact_person_role": "",
        "latitude": 33.7532358,
        "longitude": -117.7901088,
        "map_object_id": 62,
        "is_imported": 1,
        "is_active": 1
    },
    {
        "directory_organization_id": 63,
        "unique_id": "200a4227-aa1c-46f2-bce9-8b0ad64705e4",
        "user_id": 2,
        "name": "Islamic Society of Santa Barbara",
        "address": "302 N Los Carneros Rd, Goleta, CA 93117",
        "city": "Goleta",
        "state": "California",
        "zip_code": 93117,
        "country": "United States",
        "phone": "805-317-4277",
        "website": "https://islamsb.org/take-a-class/",
        "email_primary": "contactissb@gmail.com",
        "contact_person": "",
        "contact_person_role": "",
        "latitude": 34.4405145,
        "longitude": -119.8524553,
        "map_object_id": 63,
        "is_imported": 1,
        "is_active": 1
    },
    {
        "directory_organization_id": 64,
        "unique_id": "b44a8124-e846-4ed0-a508-bb8232f91010",
        "user_id": 2,
        "name": "Muslim Community Association",
        "address": "3003 Scott Blvd, Santa Clara, CA 95054",
        "city": "Santa Clara",
        "state": "California",
        "zip_code": 95054,
        "country": "United States",
        "phone": "(408) 727-7277 ext 413",
        "website": "https://mcabayarea.org/weekend-islamic-school/",
        "email_primary": "wis@mcabayarea.org",
        "contact_person": "",
        "contact_person_role": "",
        "latitude": 37.3771804,
        "longitude": -121.9592202,
        "map_object_id": 64,
        "is_imported": 1,
        "is_active": 1
    },
    {
        "directory_organization_id": 65,
        "unique_id": "545ca17e-c9e9-4936-b881-5020974e22a8",
        "user_id": 2,
        "name": "Islamic Center of Temecula Valley",
        "address": "31061 Nicolas Rd, Temecula, CA 92591",
        "city": "Temecula",
        "state": "California",
        "zip_code": 92591,
        "country": "United States",
        "phone": "(888) 232-2288",
        "website": "https://icotv.org/",
        "email_primary": "education@icotv.org",
        "contact_person": "Br. Bahjat Akari",
        "contact_person_role": "Education Comitee Chairperson",
        "latitude": 33.541633,
        "longitude": -117.1171539,
        "map_object_id": 65,
        "is_imported": 1,
        "is_active": 1
    },
    {
        "directory_organization_id": 66,
        "unique_id": "6c46911b-e173-4312-976e-d0295da852c8",
        "user_id": 2,
        "name": "Tracy Islamic Center",
        "address": "11970 W Larch Rd, Tracy, CA 95304",
        "city": "Tracy",
        "state": "California",
        "zip_code": 95304,
        "country": "United States",
        "phone": "209-830-6286",
        "website": "https://www.tracyislamiccenter.org/services/sunday-school/",
        "email_primary": "school@tracyislamiccenter.org",
        "contact_person": "",
        "contact_person_role": "",
        "latitude": 37.7647205,
        "longitude": -121.4526259,
        "map_object_id": 66,
        "is_imported": 1,
        "is_active": 1
    },
    {
        "directory_organization_id": 67,
        "unique_id": "96433066-7b93-4640-a977-86d354973876",
        "user_id": 2,
        "name": "Jafaria Islamic Society",
        "address": "1546 E La Palma Ave, Anaheim, CA 92805",
        "city": "Anaheim",
        "state": "California",
        "zip_code": 92805,
        "country": "United States",
        "phone": "323-854-6122",
        "website": "https://jafaria.org/school/",
        "email_primary": "info@jafaria.org",
        "contact_person": "Musawir Jafri",
        "contact_person_role": "",
        "latitude": 33.8469865,
        "longitude": -117.8956438,
        "map_object_id": 67,
        "is_imported": 1,
        "is_active": 1
    },
    {
        "directory_organization_id": 68,
        "unique_id": "a76b6656-a712-4f56-8cd4-78be7a4daf82",
        "user_id": 2,
        "name": "Darul Falah Islamic Center",
        "address": "14712 Bentley Cir, Tustin, CA 92780",
        "city": "Tustin",
        "state": "California",
        "zip_code": 92780,
        "country": "United States",
        "phone": "949-466-2740",
        "website": "https://tustinmasjid.com/",
        "email_primary": "dufprograms@gmail.com",
        "contact_person": "",
        "contact_person_role": "",
        "latitude": 33.7140841,
        "longitude": -117.8071921,
        "map_object_id": 68,
        "is_imported": 1,
        "is_active": 1
    },
    {
        "directory_organization_id": 69,
        "unique_id": "54dfce56-84bd-4349-bb55-fe85ee8ffe32",
        "user_id": 2,
        "name": "Islamic Community of Slinas",
        "address": "35 W Market St, Salinas, CA 93901",
        "city": "Salinas",
        "state": "California",
        "zip_code": 93901,
        "country": "United States",
        "phone": "831-272-4885",
        "website": "https://www.icsalinas.org/school",
        "email_primary": "imam@icsalinas.org",
        "contact_person": "",
        "contact_person_role": "",
        "latitude": 36.6778255,
        "longitude": -121.6570651,
        "map_object_id": 69,
        "is_imported": 1,
        "is_active": 1
    },
    {
        "directory_organization_id": 70,
        "unique_id": "1bcd1064-6d03-4725-af58-37688feba6e4",
        "user_id": 2,
        "name": "Islamic Association of Greater Hartford Weekend School (Berlin Mosque)",
        "address": "1781 Wilbur Cross Hwy, Berlin, CT 06037",
        "city": "Berlin",
        "state": "Connecticut",
        "zip_code": 6037,
        "country": "United States",
        "phone": "860-829-6411",
        "website": "https://www.berlinmosque.org/sunday-school/",
        "email_primary": "iaghweekendschool@gmail.com",
        "contact_person": "",
        "contact_person_role": "",
        "latitude": 41.6031877,
        "longitude": -72.75150769999999,
        "map_object_id": 70,
        "is_imported": 1,
        "is_active": 1
    },
    {
        "directory_organization_id": 71,
        "unique_id": "d05784ae-dc3f-4dbe-b0e1-1fda3506efd6",
        "user_id": 2,
        "name": "Bridgeport Islamic Community Center",
        "address": "703 State St, Bridgeport, CT 06604",
        "city": "Bridgeport",
        "state": "Connecticut",
        "zip_code": 6604,
        "country": "United States",
        "phone": "(203)870-1729",
        "website": "https://www.mybicc.org/",
        "email_primary": "education@mybicc.org",
        "contact_person": "",
        "contact_person_role": "",
        "latitude": 41.1736787,
        "longitude": -73.19816039999999,
        "map_object_id": 71,
        "is_imported": 1,
        "is_active": 1
    },
    {
        "directory_organization_id": 72,
        "unique_id": "da5815fd-172d-4a55-a1b3-affcf6d98f95",
        "user_id": 2,
        "name": "Clara Muhammad School (Muhammad Islamic Center of Greater Hartford)",
        "address": "155 Hungerford St, Hartford, CT 06106",
        "city": "hartford",
        "state": "Connecticut",
        "zip_code": 6106,
        "country": "United States",
        "phone": "(860) 728 8646",
        "website": "https://micgh.org",
        "email_primary": "taqwanct@aol.com",
        "contact_person": "",
        "contact_person_role": "",
        "latitude": 41.7590712,
        "longitude": -72.6860465,
        "map_object_id": 72,
        "is_imported": 1,
        "is_active": 1
    },
    {
        "directory_organization_id": 73,
        "unique_id": "be76829e-f683-41d3-a8f9-d64747c82f9a",
        "user_id": 2,
        "name": "Islamic Center of Conneticut",
        "address": "140 White Rock Dr, Windsor, CT 06095",
        "city": "Windsor",
        "state": "Connecticut",
        "zip_code": 6095,
        "country": "United States",
        "phone": "1-844-623-4621",
        "website": "http://icct.org/sunday-school/",
        "email_primary": "sundayschool@icct.org",
        "contact_person": "Muhammad Suleiman",
        "contact_person_role": "Principal",
        "latitude": 41.8117101,
        "longitude": -72.67133559999999,
        "map_object_id": 73,
        "is_imported": 1,
        "is_active": 1
    },
    {
        "directory_organization_id": 74,
        "unique_id": "7511d33d-2991-4541-9c67-f8adca5157a2",
        "user_id": 2,
        "name": "The Islamic Association of Central Connecticut",
        "address": "100 Arch St, New Britain, CT 06051",
        "city": "New Britain",
        "state": "Connecticut",
        "zip_code": 6051,
        "country": "United States",
        "phone": "1 860-348-5733",
        "website": "https://taqwact.org/services/weekend-school/",
        "email_primary": "info@taqwact.org",
        "contact_person": "",
        "contact_person_role": "",
        "latitude": 41.6642736,
        "longitude": -72.7819811,
        "map_object_id": 74,
        "is_imported": 1,
        "is_active": 1
    },
    {
        "directory_organization_id": 75,
        "unique_id": "f201ed32-ecc9-44e8-a5ce-01f2ecfbc9bc",
        "user_id": 2,
        "name": "Stamford Islamic Center",
        "address": "379 West Ave, Stamford, CT 06902",
        "city": "Stamform",
        "state": "Connecticut",
        "zip_code": 6902,
        "country": "United States",
        "phone": "203-504-2800",
        "website": "http://stamfordislamiccenter.com",
        "email_primary": "info@stamfordislamiccenter.com",
        "contact_person": "",
        "contact_person_role": "",
        "latitude": 41.0408968,
        "longitude": -73.5593668,
        "map_object_id": 75,
        "is_imported": 1,
        "is_active": 1
    },
    {
        "directory_organization_id": 76,
        "unique_id": "13e8d495-6923-443b-bf9b-da9647c54e5b",
        "user_id": 2,
        "name": "Masjid Al Mustafa",
        "address": "95 Schraffts Dr, Waterbury, CT 06705",
        "city": "Waterbury",
        "state": "Connecticut",
        "zip_code": 6705,
        "country": "United States",
        "phone": "(203) 597-7676",
        "website": "https://www.iasconnect.org",
        "email_primary": "masjid_almustafa@att.net",
        "contact_person": "",
        "contact_person_role": "",
        "latitude": 41.541141,
        "longitude": -72.990686,
        "map_object_id": 76,
        "is_imported": 1,
        "is_active": 1
    },
    {
        "directory_organization_id": 77,
        "unique_id": "90616e94-da72-4737-8082-803843170b36",
        "user_id": 2,
        "name": "New Haven Islamic Center",
        "address": "254 Bull Hill Ln, Orange, CT 06477",
        "city": "Orange",
        "state": "Connecticut",
        "zip_code": 6577,
        "country": "United States",
        "phone": "203-933-5799",
        "website": "https://www.nhicct.org/",
        "email_primary": "info@nhicct.org",
        "contact_person": "",
        "contact_person_role": "",
        "latitude": 41.2737505,
        "longitude": -72.9884464,
        "map_object_id": 77,
        "is_imported": 1,
        "is_active": 1
    },
    {
        "directory_organization_id": 78,
        "unique_id": "55d829e1-8eeb-4ae4-9d4d-e56024e8b19a",
        "user_id": 2,
        "name": "Childern Educational Program (Islamic Society of Central Delawere)",
        "address": "777 S Little Creek Rd, Dover, DE 19901",
        "city": "Dover",
        "state": "Delawere",
        "zip_code": 19901,
        "country": "United States",
        "phone": "302-943-3659",
        "website": "https://cepdelaware.com/",
        "email_primary": "cep.delaware@gmail.com",
        "contact_person": "Muniza Iftekhar",
        "contact_person_role": "Incharge",
        "latitude": 39.1590089,
        "longitude": -75.5067875,
        "map_object_id": 78,
        "is_imported": 1,
        "is_active": 1
    },
    {
        "directory_organization_id": 79,
        "unique_id": "460f5968-81d4-4717-a4aa-75da1f0f05c8",
        "user_id": 2,
        "name": "Islamic Society of Delawere (Masjid Ibrahim)",
        "address": "28 Salem Church Rd, Newark, DE 19713",
        "city": "Newark",
        "state": "Delawere",
        "zip_code": 19713,
        "country": "United States",
        "phone": "302-733-0373 Ext 8",
        "website": "https://www.isdonline.org/sunday-school",
        "email_primary": "sundayschool@isdonline.org",
        "contact_person": "Br. Emad Ahmed",
        "contact_person_role": "Incharge",
        "latitude": 39.6758791,
        "longitude": -75.6961224,
        "map_object_id": 79,
        "is_imported": 1,
        "is_active": 1
    },
    {
        "directory_organization_id": 80,
        "unique_id": "58aec5c3-8959-4d3a-b267-d96fbe0e7d4e",
        "user_id": 2,
        "name": "First Hijrah Foundation",
        "address": "4324 Georgia Ave NW, Washington, DC 20011",
        "city": "Washington",
        "state": "District of Columbia",
        "zip_code": 20011,
        "country": "United States",
        "phone": "(202) 450-1163",
        "website": "https://firsthijrah.org",
        "email_primary": "info@firsthijrah.org",
        "contact_person": "",
        "contact_person_role": "",
        "latitude": 38.943623,
        "longitude": -77.02625200000001,
        "map_object_id": 80,
        "is_imported": 1,
        "is_active": 1
    },
    {
        "directory_organization_id": 81,
        "unique_id": "c62cae2f-68de-43b7-b416-6de15ca1cbc5",
        "user_id": 2,
        "name": "Islamic Center of Boca Raton",
        "address": "3480 NW 5th Ave, Boca Raton, FL 33431",
        "city": "Boca Raton",
        "state": "Florida",
        "zip_code": 33431,
        "country": "United States",
        "phone": "561-395-7221",
        "website": "https://icbr.org/",
        "email_primary": "masjid@icbr.org",
        "contact_person": "",
        "contact_person_role": "",
        "latitude": 26.381179,
        "longitude": -80.0929755,
        "map_object_id": 81,
        "is_imported": 1,
        "is_active": 1
    },
    {
        "directory_organization_id": 82,
        "unique_id": "05059c4b-7876-4e28-844d-7d7333a068cd",
        "user_id": 2,
        "name": "The Islamic Center of Daytona Beach",
        "address": "347 S Keech St, Daytona Beach, FL 32114",
        "city": "Daytona Beach",
        "state": "Florida",
        "zip_code": 32114,
        "country": "United States",
        "phone": "(386) 252-3501",
        "website": "https://ic-db.weebly.com/",
        "email_primary": "",
        "contact_person": "Administrator",
        "contact_person_role": "",
        "latitude": 29.2005636,
        "longitude": -81.03435689999999,
        "map_object_id": 82,
        "is_imported": 1,
        "is_active": 1
    },
    {
        "directory_organization_id": 83,
        "unique_id": "f77815d7-a615-41f7-b3a1-a3c0869525b1",
        "user_id": 2,
        "name": "Islamic Society of Central Florida",
        "address": "1586 N Goldenrod Rd, Orlando, FL 32807",
        "city": "Orlando",
        "state": "Florida",
        "zip_code": 32802,
        "country": "United States",
        "phone": "407-273-8363",
        "website": "https://iscf.org/education/wize/",
        "email_primary": "",
        "contact_person": "",
        "contact_person_role": "",
        "latitude": 28.5649273,
        "longitude": -81.2864005,
        "map_object_id": 83,
        "is_imported": 1,
        "is_active": 1
    },
    {
        "directory_organization_id": 84,
        "unique_id": "b19dadf5-e025-497e-acd5-9be04244b6e3",
        "user_id": 2,
        "name": "Association of Islamic Charitable Projects",
        "address": "2820 Griffin Rd, Fort Lauderdale, FL 33312",
        "city": "Fort lauderdale",
        "state": "Florida",
        "zip_code": 33312,
        "country": "United States",
        "phone": "(954) 986-1373",
        "website": "https://www.aicp.org/",
        "email_primary": "",
        "contact_person": "",
        "contact_person_role": "",
        "latitude": 26.0620527,
        "longitude": -80.17937649999999,
        "map_object_id": 84,
        "is_imported": 1,
        "is_active": 1
    },
    {
        "directory_organization_id": 85,
        "unique_id": "9036c919-d490-4cfb-bcc9-c8fbba7797ac",
        "user_id": 2,
        "name": "Masjid Al Iman",
        "address": "2542 Franklin Dr, Fort Lauderdale, FL 33311",
        "city": "Fort lauderdale",
        "state": "Florida",
        "zip_code": 33311,
        "country": "United States",
        "phone": "1-954-581-6295",
        "website": "https://masjidaliman.com/",
        "email_primary": "office@masjidaliman.com",
        "contact_person": "",
        "contact_person_role": "",
        "latitude": 26.1347264,
        "longitude": -80.17685209999999,
        "map_object_id": 85,
        "is_imported": 1,
        "is_active": 1
    },
    {
        "directory_organization_id": 86,
        "unique_id": "f96c67e2-5d68-4f43-9077-aa6acdea7a85",
        "user_id": 2,
        "name": "Hoda Center",
        "address": "5220 SW 13th St, Gainesville, FL 32608",
        "city": "Gainesville",
        "state": "Florida",
        "zip_code": 32608,
        "country": "United States",
        "phone": "1 352-377-8080",
        "website": "https://hodacenter.org/",
        "email_primary": "hodacentersundayschool@gmail.com",
        "contact_person": "Administrator",
        "contact_person_role": "",
        "latitude": 29.6047666,
        "longitude": -82.342879,
        "map_object_id": 86,
        "is_imported": 1,
        "is_active": 1
    },
    {
        "directory_organization_id": 87,
        "unique_id": "d9f46df5-a651-4b40-afda-acefcb2ffd29",
        "user_id": 2,
        "name": "Islamic Jaffaria Association",
        "address": "10554 NW 132nd St, Hialeah, FL 33018",
        "city": "Hialeah Gardens",
        "state": "Florida",
        "zip_code": 33018,
        "country": "United States",
        "phone": "305-557-6835",
        "website": "https://www.ijamiami.org/",
        "email_primary": "taqi@ijamiami.org",
        "contact_person": "",
        "contact_person_role": "",
        "latitude": 25.8929451,
        "longitude": -80.3710411,
        "map_object_id": 87,
        "is_imported": 1,
        "is_active": 1
    },
    {
        "directory_organization_id": 88,
        "unique_id": "8100fbb1-dcdf-4e43-ab48-0cff15b1a45f",
        "user_id": 2,
        "name": "Islamic Movement of Florida",
        "address": "3201 N 74th Way, Pembroke Pines, FL 33024",
        "city": "Hollywood",
        "state": "Florida",
        "zip_code": 33024,
        "country": "United States",
        "phone": "(954) 894-9110",
        "website": "https://www.imof.org/",
        "email_primary": "info@imof.org",
        "contact_person": "",
        "contact_person_role": "",
        "latitude": 26.0300561,
        "longitude": -80.23771409999999,
        "map_object_id": 88,
        "is_imported": 1,
        "is_active": 1
    },
    {
        "directory_organization_id": 89,
        "unique_id": "08b8d3ce-0b7d-4e88-a101-704bdc38ab08",
        "user_id": 2,
        "name": "Islamic Center of Northeast Florida",
        "address": "2333 St Johns Bluff Rd S, Jacksonville, FL 32246",
        "city": "Jacksonville",
        "state": "Florida",
        "zip_code": 32246,
        "country": "United States",
        "phone": "904 646 3462",
        "website": "https://icnef.org/",
        "email_primary": "info@icnef.org",
        "contact_person": "",
        "contact_person_role": "",
        "latitude": 30.3075837,
        "longitude": -81.52516349999999,
        "map_object_id": 89,
        "is_imported": 1,
        "is_active": 1
    },
    {
        "directory_organization_id": 90,
        "unique_id": "fb2fe0e8-0d06-42ee-a6bf-7c8cc802572f",
        "user_id": 2,
        "name": "Masjid Taqwa",
        "address": "2417 N Central Ave, Kissimmee, FL 34741",
        "city": "Kissimmee",
        "state": "Florida",
        "zip_code": 34741,
        "country": "United States",
        "phone": "321-219-7869",
        "website": "https://masjidtaqwa.org/",
        "email_primary": "info@masjidtaqwa.org",
        "contact_person": "",
        "contact_person_role": "",
        "latitude": 28.318038,
        "longitude": -81.4086336,
        "map_object_id": 90,
        "is_imported": 1,
        "is_active": 1
    },
    {
        "directory_organization_id": 91,
        "unique_id": "c90f2ce0-f1b7-45ac-a890-22bf5eab26de",
        "user_id": 2,
        "name": "Masjid As-Sunnah",
        "address": "1535 S Hoagland Blvd, Kissimmee, FL 34741",
        "city": "Kissimmee",
        "state": "Florida",
        "zip_code": 34746,
        "country": "United States",
        "phone": "407-935-0337",
        "website": "https://masjidassunnah-fl.com/",
        "email_primary": "webmaster@masjidassunnah-fl.com",
        "contact_person": "",
        "contact_person_role": "",
        "latitude": 28.2639774,
        "longitude": -81.4357119,
        "map_object_id": 91,
        "is_imported": 1,
        "is_active": 1
    },
    {
        "directory_organization_id": 92,
        "unique_id": "fc6a5ef7-41fb-47b8-9bcb-545bbc8b5b19",
        "user_id": 2,
        "name": "Islamic Sunday School at Islamic Center of Greater Miami",
        "address": "4305 NW 183rd St, Miami Gardens, FL 33055",
        "city": "Miami Gardens",
        "state": "Florida",
        "zip_code": 33055,
        "country": "United States",
        "phone": "(305) 624‑5555",
        "website": "https://www.sundayschoolaticgm.com/",
        "email_primary": "sundayschool.icgm@gmail.com",
        "contact_person": "",
        "contact_person_role": "",
        "latitude": 25.9408164,
        "longitude": -80.2718992,
        "map_object_id": 92,
        "is_imported": 1,
        "is_active": 1
    },
    {
        "directory_organization_id": 93,
        "unique_id": "dc471723-f08d-400e-9bd8-2983069f7b13",
        "user_id": 2,
        "name": "Islamic Center of Orange park",
        "address": "158 College Dr, Orange Park, FL 32065",
        "city": "Orange Park",
        "state": "Florida",
        "zip_code": 32065,
        "country": "United States",
        "phone": "(904) 330 4847",
        "website": "https://icopfl.org/",
        "email_primary": "icopfl786@gmail.com",
        "contact_person": "",
        "contact_person_role": "",
        "latitude": 30.1276717,
        "longitude": -81.7757756,
        "map_object_id": 93,
        "is_imported": 1,
        "is_active": 1
    },
    {
        "directory_organization_id": 94,
        "unique_id": "5ba0bfce-a67e-4b10-a563-6446a69dd2b0",
        "user_id": 2,
        "name": "Islamic Center of Orlando",
        "address": "11543 Ruby Lake Rd, Orlando, FL 32836",
        "city": "Orlando",
        "state": "Florida",
        "zip_code": 32836,
        "country": "United States",
        "phone": "689 280 4402",
        "website": "https://www.icorlando.org/",
        "email_primary": "info@icorlando.org",
        "contact_person": "",
        "contact_person_role": "",
        "latitude": 28.3984454,
        "longitude": -81.5028205,
        "map_object_id": 94,
        "is_imported": 1,
        "is_active": 1
    },
    {
        "directory_organization_id": 95,
        "unique_id": "b6f384bc-bb1a-48ae-89de-06a8887c7e5f",
        "user_id": 2,
        "name": "Islamic Society of Pinellas County",
        "address": "Pinellas Park, FL 33780",
        "city": "Pinellas Park",
        "state": "Florida",
        "zip_code": 33780,
        "country": "United States",
        "phone": "1 727-546-3162",
        "website": "https://ispc-fl.org/",
        "email_primary": "info@ispc-fl.org",
        "contact_person": "",
        "contact_person_role": "",
        "latitude": 27.8428057,
        "longitude": -82.7055625,
        "map_object_id": 95,
        "is_imported": 1,
        "is_active": 1
    },
    {
        "directory_organization_id": 96,
        "unique_id": "2355abb0-0e69-4a11-9b2b-a5b86ae10257",
        "user_id": 2,
        "name": "Nur Academy (Islamic Society of Sarasota Beadenton)",
        "address": "4350 N Lockwood Ridge Rd, Sarasota, FL 34235",
        "city": "Sarasota",
        "state": "Florida",
        "zip_code": 34234,
        "country": "United States",
        "phone": "(941)-343-3038",
        "website": "https://nur-academy.org/",
        "email_primary": "",
        "contact_person": "",
        "contact_person_role": "",
        "latitude": 27.3723722,
        "longitude": -82.50408949999999,
        "map_object_id": 96,
        "is_imported": 1,
        "is_active": 1
    },
    {
        "directory_organization_id": 97,
        "unique_id": "4e6b4949-0b2b-4ef3-98ee-dd7325d6df09",
        "user_id": 2,
        "name": "Masjid Al Sunnah",
        "address": "2400 6th St S, St. Petersburg, FL 33705",
        "city": "St. Petesburg",
        "state": "Florida",
        "zip_code": 33705,
        "country": "United States",
        "phone": "727 288 3636",
        "website": "https://isspmosque.com/",
        "email_primary": "Info@arqamsacademy.com",
        "contact_person": "",
        "contact_person_role": "",
        "latitude": 27.7462998,
        "longitude": -82.6399307,
        "map_object_id": 97,
        "is_imported": 1,
        "is_active": 1
    },
    {
        "directory_organization_id": 98,
        "unique_id": "380002a5-a944-4e9a-a1cc-e39c66ce6af2",
        "user_id": 2,
        "name": "Islamic Foundation of South Florida",
        "address": "5455 NW 108th Ave, Sunrise, FL 33351",
        "city": "Sunrise",
        "state": "Florida",
        "zip_code": 33351,
        "country": "United States",
        "phone": "(954) 213-8897",
        "website": "https://ifsf.net/",
        "email_primary": "",
        "contact_person": "",
        "contact_person_role": "",
        "latitude": 26.190879,
        "longitude": -80.2940936,
        "map_object_id": 98,
        "is_imported": 1,
        "is_active": 1
    },
    {
        "directory_organization_id": 99,
        "unique_id": "93d59e42-90fe-40a8-81e7-d5288fd39040",
        "user_id": 2,
        "name": "Islamic Community of Tallahassee",
        "address": "3617 Old Bainbridge Rd, Tallahassee, FL 32303",
        "city": "Tallahasee",
        "state": "Florida",
        "zip_code": 32303,
        "country": "United States",
        "phone": "(850) 514-0100",
        "website": "https://ictallahassee.org/",
        "email_primary": "wist@ictallahassee.org",
        "contact_person": "",
        "contact_person_role": "",
        "latitude": 30.502387,
        "longitude": -84.3387782,
        "map_object_id": 99,
        "is_imported": 1,
        "is_active": 1
    },
    {
        "directory_organization_id": 100,
        "unique_id": "dc570798-1cb1-4919-b217-6414f0a952c8",
        "user_id": 2,
        "name": "Hifz Weekend School (Islamic Society of Tampa Bay)",
        "address": "7326 E Sligh Ave, Tampa, FL 33610",
        "city": "Tampa",
        "state": "Florida",
        "zip_code": 33610,
        "country": "United States",
        "phone": "813-628–0020",
        "website": "https://www.istaba.org/",
        "email_primary": "mainoffice@istaba.org",
        "contact_person": "Sr. Mariam Razak",
        "contact_person_role": "",
        "latitude": 28.0114183,
        "longitude": -82.37406879999999,
        "map_object_id": 100,
        "is_imported": 1,
        "is_active": 1
    },
    {
        "directory_organization_id": 101,
        "unique_id": "3335a2a6-8184-47fc-9868-5e2c2551506e",
        "user_id": 2,
        "name": "Muslim Community of Palm Beach County",
        "address": "4893 Purdy Ln, West Palm Beach, FL 33415",
        "city": "West Paml Beach",
        "state": "Florida",
        "zip_code": 33415,
        "country": "United States",
        "phone": "561-969-1584",
        "website": "https://mcpbc.org/",
        "email_primary": "imam@mcpbc.org",
        "contact_person": "Imam",
        "contact_person_role": "",
        "latitude": 26.6449815,
        "longitude": -80.119384,
        "map_object_id": 101,
        "is_imported": 1,
        "is_active": 1
    },
    {
        "directory_organization_id": 102,
        "unique_id": "0108816f-fbc4-46e5-bd3e-900f55e1cea8",
        "user_id": 2,
        "name": "Hamza Islamic Center",
        "address": "665 Tidwell Rd, Alpharetta, GA 30004",
        "city": "Alpharetta",
        "state": "Georgia",
        "zip_code": 30004,
        "country": "United States",
        "phone": "(770) 558-3519",
        "website": "https://www.masjidhamzah.com/",
        "email_primary": "GeneralSecretary@masjidhamzah.com",
        "contact_person": "Umar Mohamed Ibrahim",
        "contact_person_role": "General Secretary",
        "latitude": 34.1173535,
        "longitude": -84.2485897,
        "map_object_id": 102,
        "is_imported": 1,
        "is_active": 1
    },
    {
        "directory_organization_id": 103,
        "unique_id": "a7ed18ba-5d63-4457-871f-9e7ee1966ead",
        "user_id": 2,
        "name": "Masjid Al-Taqwa",
        "address": "2680 Golfside Rd, Ann Arbor, MI 48108",
        "city": "Ann Arbor",
        "state": "Michigan",
        "zip_code": 48108,
        "country": "United States",
        "phone": "(734)-829-8380",
        "website": "https://masjidattaqwa.org/",
        "email_primary": "Masjidattaqwaaa@gmail.com",
        "contact_person": "Seikh Ahmed",
        "contact_person_role": "In Charge",
        "latitude": 42.2491593,
        "longitude": -83.66134629999999,
        "map_object_id": 103,
        "is_imported": 1,
        "is_active": 1
    },
    {
        "directory_organization_id": 104,
        "unique_id": "4bf7bad9-1ad4-469c-afd1-5d0060ea8d95",
        "user_id": 2,
        "name": "Dar-un-Noor Sunday School",
        "address": "434 14th St NW, Atlanta, GA 30318",
        "city": "Atlanta",
        "state": "Georgia",
        "zip_code": 30318,
        "country": "United States",
        "phone": "404-454-5500",
        "website": "https://dunsundayschool.wordpress.com/",
        "email_primary": "dunsundayschool@yahoo.com",
        "contact_person": "Principal",
        "contact_person_role": "",
        "latitude": 33.7852811,
        "longitude": -84.4014297,
        "map_object_id": 104,
        "is_imported": 1,
        "is_active": 1
    },
    {
        "directory_organization_id": 105,
        "unique_id": "dfd6b556-58e8-4df6-91b1-9e49594eef12",
        "user_id": 2,
        "name": "Masjid Quba",
        "address": "at Texaco, 5698 Hwy 20 SE, Cartersville, GA 30121",
        "city": "CARTERSVILLE",
        "state": "Georgia",
        "zip_code": 30121,
        "country": "United States",
        "phone": "678-719-9770",
        "website": "http://iccga.org/",
        "email_primary": "nfo@iccga.org",
        "contact_person": "",
        "contact_person_role": "",
        "latitude": 34.2097593,
        "longitude": -84.7585675,
        "map_object_id": 105,
        "is_imported": 1,
        "is_active": 1
    },
    {
        "directory_organization_id": 106,
        "unique_id": "73cc1968-05e7-4e20-b261-b863fca98abc",
        "user_id": 2,
        "name": "Dar-E-Abbas",
        "address": "5064 Lawrenceville Hwy, Lilburn, GA 30047",
        "city": "Lilburn",
        "state": "Georgia",
        "zip_code": 30047,
        "country": "United States",
        "phone": "(404) 277-5295",
        "website": "http://dareabbas.com/",
        "email_primary": "",
        "contact_person": "Masoud Naqvi",
        "contact_person_role": "Principal",
        "latitude": 33.8889005,
        "longitude": -84.1483832,
        "map_object_id": 106,
        "is_imported": 1,
        "is_active": 1
    },
    {
        "directory_organization_id": 107,
        "unique_id": "d0fc7430-e186-4df4-a1ee-b031275033ab",
        "user_id": 2,
        "name": "Masjid Omar",
        "address": "955 Harbins Rd NW, Lilburn, GA 30047",
        "city": "Lilburn",
        "state": "Georgia",
        "zip_code": 30047,
        "country": "United States",
        "phone": "404-955-0625",
        "website": "https://masjidomar.org/",
        "email_primary": "info@masjidomar.org",
        "contact_person": "Sister Noor",
        "contact_person_role": "",
        "latitude": 33.8990973,
        "longitude": -84.1700968,
        "map_object_id": 107,
        "is_imported": 1,
        "is_active": 1
    },
    {
        "directory_organization_id": 108,
        "unique_id": "667c7782-d39a-4a11-a9cf-cc479159cb5b",
        "user_id": 2,
        "name": "East Cobb Islamic Center",
        "address": "1111 Braswell Rd, Marietta, GA 30062",
        "city": "Marietta",
        "state": "Georgia",
        "zip_code": 30062,
        "country": "United States",
        "phone": "(678) 528-1414",
        "website": "https://www.ec-ic.org/",
        "email_primary": "info@ec-ic.org",
        "contact_person": "",
        "contact_person_role": "",
        "latitude": 33.9785234,
        "longitude": -84.48696199999999,
        "map_object_id": 108,
        "is_imported": 1,
        "is_active": 1
    },
    {
        "directory_organization_id": 109,
        "unique_id": "facceaa5-c413-4dbc-9234-597e3e6c45b7",
        "user_id": 2,
        "name": "Masjid-Ibad-Ur- Rahman",
        "address": "2440 Sandy Plains Rd Building #15, Marietta, GA 30066",
        "city": "Marietta",
        "state": "Georgia",
        "zip_code": 30066,
        "country": "United States",
        "phone": "678-560-3398",
        "website": "https://www.ibad-ur-rahman.org/",
        "email_primary": "masjid@ibad-ur-rahman.org",
        "contact_person": "",
        "contact_person_role": "",
        "latitude": 34.0090483,
        "longitude": -84.49499449999999,
        "map_object_id": 109,
        "is_imported": 1,
        "is_active": 1
    },
    {
        "directory_organization_id": 110,
        "unique_id": "7202749a-3128-4fef-a9d3-b7239bbd0d80",
        "user_id": 2,
        "name": "Roswell Community Masjid",
        "address": "345 Market Pl, Roswell, GA 30075",
        "city": "Roswell",
        "state": "Georgia",
        "zip_code": 30075,
        "country": "United States",
        "phone": "770-640-1411",
        "website": "https://roswellmasjid.org/",
        "email_primary": "info@roswellmasjid.org",
        "contact_person": "",
        "contact_person_role": "",
        "latitude": 34.0304729,
        "longitude": -84.34019579999999,
        "map_object_id": 110,
        "is_imported": 1,
        "is_active": 1
    }
]